Date,Open,High,Low,Close,Volume,Dividends,Stock Splits,Capital Gains
2020-12-01 00:00:00+08:00,15.0,15.0,15.0,15.0,0,0.0,0.0,0.0
2020-12-07 00:00:00+08:00,15.02,15.02,15.02,15.02,0,0.0,0.0,0.0
2020-12-08 00:00:00+08:00,15.09,15.09,15.09,15.09,0,0.0,0.0,0.0
2020-12-09 00:00:00+08:00,15.11,15.11,15.11,15.11,0,0.0,0.0,0.0
2020-12-10 00:00:00+08:00,15.21,15.62,15.11,15.3,167048776,0.0,0.0,0.0
2020-12-11 00:00:00+08:00,15.1,15.12,15.0,15.02,215201257,0.0,0.0,0.0
2020-12-14 00:00:00+08:00,14.91,14.91,14.82,14.83,137179741,0.0,0.0,0.0
2020-12-15 00:00:00+08:00,14.81,14.86,14.67,14.67,94351680,0.0,0.0,0.0
2020-12-16 00:00:00+08:00,14.76,14.88,14.76,14.85,38291406,0.0,0.0,0.0
2020-12-17 00:00:00+08:00,14.91,14.93,14.79,14.87,24918491,0.0,0.0,0.0
2020-12-18 00:00:00+08:00,14.9,14.92,14.84,14.84,23312066,0.0,0.0,0.0
2020-12-21 00:00:00+08:00,14.86,14.91,14.7,14.9,24063947,0.0,0.0,0.0
2020-12-22 00:00:00+08:00,14.9,14.99,14.75,14.76,28617625,0.0,0.0,0.0
2020-12-23 00:00:00+08:00,14.78,14.86,14.75,14.85,11780431,0.0,0.0,0.0
2020-12-24 00:00:00+08:00,14.9,14.93,14.87,14.88,9435680,0.0,0.0,0.0
2020-12-25 00:00:00+08:00,14.93,15.0,14.93,14.97,20242828,0.0,0.0,0.0
2020-12-28 00:00:00+08:00,15.01,15.13,15.01,15.12,18208929,0.0,0.0,0.0
2020-12-29 00:00:00+08:00,15.17,15.17,15.05,15.08,16988713,0.0,0.0,0.0
2020-12-30 00:00:00+08:00,15.08,15.18,15.05,15.17,16066839,0.0,0.0,0.0
2020-12-31 00:00:00+08:00,15.21,15.26,15.18,15.25,21451113,0.0,0.0,0.0
2021-01-04 00:00:00+08:00,15.37,15.62,15.31,15.61,43790332,0.0,0.0,0.0
2021-01-05 00:00:00+08:00,15.62,15.77,15.58,15.77,40946298,0.0,0.0,0.0
2021-01-06 00:00:00+08:00,15.9,16.14,15.69,15.85,67198727,0.0,0.0,0.0
2021-01-07 00:00:00+08:00,16.0,16.15,15.91,16.12,34794739,0.0,0.0,0.0
2021-01-08 00:00:00+08:00,16.25,16.43,16.21,16.43,46352000,0.0,0.0,0.0
2021-01-11 00:00:00+08:00,16.5,17.25,16.46,17.23,83698316,0.0,0.0,0.0
2021-01-12 00:00:00+08:00,16.8,16.86,16.52,16.55,122820942,0.0,0.0,0.0
2021-01-13 00:00:00+08:00,16.6,16.93,16.6,16.91,59819918,0.0,0.0,0.0
2021-01-14 00:00:00+08:00,16.91,17.1,16.85,17.01,67147249,0.0,0.0,0.0
2021-01-15 00:00:00+08:00,17.43,17.5,16.97,17.01,96842640,0.0,0.0,0.0
2021-01-18 00:00:00+08:00,17.01,17.05,16.55,16.93,63749919,0.0,0.0,0.0
2021-01-19 00:00:00+08:00,17.14,17.4,17.13,17.38,86521418,0.0,0.0,0.0
2021-01-20 00:00:00+08:00,17.52,17.6,17.28,17.39,106594905,0.0,0.0,0.0
2021-01-21 00:00:00+08:00,17.5,18.05,17.5,18.0,120833954,0.0,0.0,0.0
2021-01-22 00:00:00+08:00,18.0,18.9,17.8,18.5,213223949,0.0,0.0,0.0
2021-01-25 00:00:00+08:00,18.02,18.11,17.7,17.9,266638801,0.0,0.0,0.0
2021-01-26 00:00:00+08:00,17.9,18.02,17.46,17.51,174036981,0.0,0.0,0.0
2021-01-27 00:00:00+08:00,17.58,17.76,17.47,17.61,80533204,0.0,0.0,0.0
2021-01-28 00:00:00+08:00,17.27,17.42,17.1,17.16,112706529,0.0,0.0,0.0
2021-01-29 00:00:00+08:00,17.39,17.4,16.83,16.83,125538221,0.0,0.0,0.0
2021-02-01 00:00:00+08:00,16.8,17.16,16.6,17.13,82038720,0.0,0.0,0.0
2021-02-02 00:00:00+08:00,17.33,17.65,17.32,17.55,88976971,0.0,0.0,0.0
2021-02-03 00:00:00+08:00,17.79,17.79,17.55,17.62,51708653,0.0,0.0,0.0
2021-02-04 00:00:00+08:00,17.55,17.62,17.35,17.46,50956851,0.0,0.0,0.0
2021-02-05 00:00:00+08:00,17.61,17.77,17.58,17.61,64809742,0.0,0.0,0.0
2021-02-17 00:00:00+08:00,18.08,18.33,18.08,18.13,88822214,0.0,0.0,0.0
2021-02-18 00:00:00+08:00,18.13,18.28,18.03,18.17,57059617,0.0,0.0,0.0
2021-02-19 00:00:00+08:00,18.1,18.11,17.91,18.04,67416857,0.0,0.0,0.0
2021-02-22 00:00:00+08:00,18.13,18.29,18.05,18.08,52125054,0.0,0.0,0.0
2021-02-23 00:00:00+08:00,17.96,18.03,17.78,18.0,58276338,0.0,0.0,0.0
2021-02-24 00:00:00+08:00,17.93,18.02,17.77,17.79,73612309,0.0,0.0,0.0
2021-02-25 00:00:00+08:00,18.0,18.04,17.82,17.95,39464386,0.0,0.0,0.0
2021-02-26 00:00:00+08:00,17.6,17.72,17.5,17.54,137306439,0.0,0.0,0.0
2021-03-02 00:00:00+08:00,17.75,17.75,17.35,17.35,69812488,0.0,0.0,0.0
2021-03-03 00:00:00+08:00,17.37,17.58,17.23,17.58,36300884,0.0,0.0,0.0
2021-03-04 00:00:00+08:00,17.45,17.45,17.12,17.2,93024967,0.0,0.0,0.0
2021-03-05 00:00:00+08:00,16.9,17.19,16.86,17.09,73215007,0.0,0.0,0.0
2021-03-08 00:00:00+08:00,17.3,17.31,17.0,17.0,65542463,0.0,0.0,0.0
2021-03-09 00:00:00+08:00,16.9,17.0,16.74,16.93,75703850,0.0,0.0,0.0
2021-03-10 00:00:00+08:00,17.05,17.09,16.93,16.94,35742630,0.0,0.0,0.0
2021-03-11 00:00:00+08:00,17.0,17.34,17.0,17.32,41149086,0.0,0.0,0.0
2021-03-12 00:00:00+08:00,17.45,17.5,17.33,17.39,29249268,0.0,0.0,0.0
2021-03-15 00:00:00+08:00,17.4,17.4,17.3,17.37,22115208,0.0,0.0,0.0
2021-03-16 00:00:00+08:00,17.39,17.5,17.39,17.46,25966139,0.0,0.0,0.0
2021-03-17 00:00:00+08:00,17.48,17.62,17.41,17.44,31388367,0.0,0.0,0.0
2021-03-18 00:00:00+08:00,17.55,17.72,17.54,17.57,43499233,0.0,0.0,0.0
2021-03-19 00:00:00+08:00,17.46,17.46,17.28,17.33,47567281,0.0,0.0,0.0
2021-03-22 00:00:00+08:00,17.33,17.42,17.19,17.4,29955702,0.0,0.0,0.0
2021-03-23 00:00:00+08:00,17.5,17.6,17.4,17.41,25986525,0.0,0.0,0.0
2021-03-24 00:00:00+08:00,17.28,17.37,17.23,17.27,31765105,0.0,0.0,0.0
2021-03-25 00:00:00+08:00,17.24,17.44,17.16,17.35,32727916,0.0,0.0,0.0
2021-03-26 00:00:00+08:00,17.45,17.59,17.4,17.56,41388686,0.0,0.0,0.0
2021-03-29 00:00:00+08:00,17.72,17.8,17.69,17.7,53949961,0.0,0.0,0.0
2021-03-30 00:00:00+08:00,17.77,17.87,17.69,17.87,52830213,0.0,0.0,0.0
2021-03-31 00:00:00+08:00,17.82,17.84,17.69,17.7,32787791,0.0,0.0,0.0
2021-04-01 00:00:00+08:00,17.8,17.83,17.67,17.71,22703189,0.0,0.0,0.0
2021-04-07 00:00:00+08:00,18.0,18.02,17.88,17.99,35960845,0.0,0.0,0.0
2021-04-08 00:00:00+08:00,17.99,18.15,17.88,18.15,65897573,0.0,0.0,0.0
2021-04-09 00:00:00+08:00,18.19,18.24,18.01,18.01,40881273,0.0,0.0,0.0
2021-04-12 00:00:00+08:00,18.02,18.05,17.78,17.84,38291450,0.0,0.0,0.0
2021-04-13 00:00:00+08:00,17.84,18.0,17.75,17.76,33381339,0.0,0.0,0.0
2021-04-14 00:00:00+08:00,17.8,17.9,17.5,17.78,57151019,0.0,0.0,0.0
2021-04-15 00:00:00+08:00,17.8,17.9,17.68,17.9,28520417,0.0,0.0,0.0
2021-04-16 00:00:00+08:00,17.9,18.0,17.88,17.96,35260097,0.0,0.0,0.0
2021-04-19 00:00:00+08:00,17.98,17.98,17.86,17.89,27227874,0.0,0.0,0.0
2021-04-20 00:00:00+08:00,17.88,17.99,17.8,17.96,28101014,0.0,0.0,0.0
2021-04-21 00:00:00+08:00,17.96,17.96,17.82,17.83,27930935,0.0,0.0,0.0
2021-04-22 00:00:00+08:00,17.9,17.95,17.75,17.76,37270683,0.0,0.0,0.0
2021-04-23 00:00:00+08:00,17.76,18.04,17.75,18.04,64040429,0.0,0.0,0.0
2021-04-26 00:00:00+08:00,18.2,18.37,18.18,18.34,85292906,0.0,0.0,0.0
2021-04-27 00:00:00+08:00,18.41,18.5,18.34,18.37,44105384,0.0,0.0,0.0
2021-04-28 00:00:00+08:00,18.38,18.42,18.27,18.35,25557971,0.0,0.0,0.0
2021-04-29 00:00:00+08:00,18.53,18.69,18.53,18.6,66907972,0.0,0.0,0.0
2021-05-03 00:00:00+08:00,18.49,18.49,17.98,18.0,69477217,0.0,0.0,0.0
2021-05-04 00:00:00+08:00,18.0,18.0,17.4,17.76,77187192,0.0,0.0,0.0
2021-05-05 00:00:00+08:00,17.76,17.82,17.48,17.48,58554306,0.0,0.0,0.0
2021-05-06 00:00:00+08:00,17.54,17.76,17.45,17.65,33453462,0.0,0.0,0.0
2021-05-07 00:00:00+08:00,17.79,18.05,17.78,18.04,39035657,0.0,0.0,0.0
2021-05-10 00:00:00+08:00,17.99,17.99,17.65,17.7,43431374,0.0,0.0,0.0
2021-05-11 00:00:00+08:00,17.35,17.4,17.11,17.22,81997753,0.0,0.0,0.0
2021-05-12 00:00:00+08:00,16.76,16.84,16.0,16.47,156968446,0.0,0.0,0.0
2021-05-13 00:00:00+08:00,16.1,16.58,15.82,16.22,95939846,0.0,0.0,0.0
2021-05-14 00:00:00+08:00,16.44,16.64,16.3,16.38,56895223,0.0,0.0,0.0
2021-05-17 00:00:00+08:00,15.71,16.37,15.71,16.11,76840994,0.0,0.0,0.0
2021-05-18 00:00:00+08:00,16.3,16.91,16.26,16.9,51248081,0.0,0.0,0.0
2021-05-19 00:00:00+08:00,16.92,16.97,16.65,16.73,29890863,0.0,0.0,0.0
2021-05-20 00:00:00+08:00,16.75,16.75,16.52,16.55,21209690,0.0,0.0,0.0
2021-05-21 00:00:00+08:00,16.75,16.99,16.75,16.85,27003708,0.0,0.0,0.0
2021-05-24 00:00:00+08:00,16.75,16.97,16.71,16.92,20670914,0.0,0.0,0.0
2021-05-25 00:00:00+08:00,17.05,17.35,17.05,17.28,38184640,0.0,0.0,0.0
2021-05-26 00:00:00+08:00,17.35,17.37,17.16,17.21,14600839,0.0,0.0,0.0
2021-05-27 00:00:00+08:00,17.12,17.16,16.96,17.13,21612700,0.0,0.0,0.0
2021-05-28 00:00:00+08:00,17.28,17.35,17.21,17.34,27244835,0.0,0.0,0.0
2021-05-31 00:00:00+08:00,17.37,17.68,17.35,17.62,45359386,0.0,0.0,0.0
2021-06-01 00:00:00+08:00,17.69,17.8,17.61,17.62,25739396,0.0,0.0,0.0
2021-06-02 00:00:00+08:00,17.65,17.71,17.4,17.45,23240007,0.0,0.0,0.0
2021-06-03 00:00:00+08:00,17.55,17.63,17.5,17.55,22664134,0.0,0.0,0.0
2021-06-04 00:00:00+08:00,17.46,17.46,17.36,17.45,16614885,0.0,0.0,0.0
2021-06-07 00:00:00+08:00,17.46,17.49,17.1,17.46,26486384,0.0,0.0,0.0
2021-06-08 00:00:00+08:00,17.48,17.54,17.4,17.41,13666187,0.0,0.0,0.0
2021-06-09 00:00:00+08:00,17.38,17.4,17.27,17.34,11897061,0.0,0.0,0.0
2021-06-10 00:00:00+08:00,17.4,17.63,17.39,17.63,28832911,0.0,0.0,0.0
2021-06-11 00:00:00+08:00,17.69,17.77,17.65,17.65,23301255,0.0,0.0,0.0
2021-06-15 00:00:00+08:00,17.74,17.86,17.74,17.82,19920816,0.0,0.0,0.0
2021-06-16 00:00:00+08:00,17.8,17.81,17.7,17.74,14640170,0.0,0.0,0.0
2021-06-17 00:00:00+08:00,17.67,17.79,17.59,17.79,12965296,0.0,0.0,0.0
2021-06-18 00:00:00+08:00,17.84,17.85,17.73,17.73,15378060,0.0,0.0,0.0
2021-06-21 00:00:00+08:00,17.65,17.67,17.31,17.35,31796619,0.0,0.0,0.0
2021-06-22 00:00:00+08:00,17.43,17.47,17.22,17.24,19217604,0.0,0.0,0.0
2021-06-23 00:00:00+08:00,17.33,17.62,17.3,17.61,21980677,0.0,0.0,0.0
2021-06-24 00:00:00+08:00,17.62,17.69,17.57,17.6,11493837,0.0,0.0,0.0
2021-06-25 00:00:00+08:00,17.7,17.79,17.59,17.61,23114408,0.0,0.0,0.0
2021-06-28 00:00:00+08:00,17.62,17.64,17.5,17.6,9645505,0.0,0.0,0.0
2021-06-29 00:00:00+08:00,17.7,17.77,17.68,17.7,25335985,0.0,0.0,0.0
2021-06-30 00:00:00+08:00,17.75,17.91,17.75,17.79,32131351,0.0,0.0,0.0
2021-07-01 00:00:00+08:00,17.82,17.83,17.65,17.66,12672645,0.0,0.0,0.0
2021-07-02 00:00:00+08:00,17.66,17.75,17.64,17.7,14148322,0.0,0.0,0.0
2021-07-05 00:00:00+08:00,17.77,18.01,17.77,17.98,40675542,0.0,0.0,0.0
2021-07-06 00:00:00+08:00,18.01,18.08,17.91,17.92,17961814,0.0,0.0,0.0
2021-07-07 00:00:00+08:00,17.92,17.99,17.87,17.93,18040256,0.0,0.0,0.0
2021-07-08 00:00:00+08:00,17.97,18.03,17.89,17.97,17298547,0.0,0.0,0.0
2021-07-09 00:00:00+08:00,17.81,17.84,17.71,17.79,13552395,0.0,0.0,0.0
2021-07-12 00:00:00+08:00,17.99,18.05,17.96,18.02,39490892,0.0,0.0,0.0
2021-07-13 00:00:00+08:00,18.1,18.28,18.09,18.15,40004061,0.0,0.0,0.0
2021-07-14 00:00:00+08:00,18.23,18.3,18.15,18.21,40779052,0.0,0.0,0.0
2021-07-15 00:00:00+08:00,18.25,18.35,18.24,18.35,31134606,0.0,0.0,0.0
2021-07-16 00:00:00+08:00,18.07,18.22,18.03,18.21,17778701,0.0,0.0,0.0
2021-07-19 00:00:00+08:00,18.15,18.15,17.9,17.99,16655025,0.0,0.0,0.0
2021-07-20 00:00:00+08:00,17.88,17.99,17.81,17.84,16127834,0.0,0.0,0.0
2021-07-21 00:00:00+08:00,17.95,17.98,17.7,17.78,14395738,0.0,0.0,0.0
2021-07-22 00:00:00+08:00,17.93,18.09,17.91,17.98,17257599,0.0,0.0,0.0
2021-07-23 00:00:00+08:00,18.06,18.11,17.91,17.93,10997056,0.0,0.0,0.0
2021-07-26 00:00:00+08:00,18.0,18.02,17.83,17.84,8873812,0.0,0.0,0.0
2021-07-27 00:00:00+08:00,17.88,18.02,17.88,17.92,10868672,0.0,0.0,0.0
2021-07-28 00:00:00+08:00,17.86,17.86,17.44,17.63,23246840,0.0,0.0,0.0
2021-07-29 00:00:00+08:00,17.78,17.92,17.71,17.92,10546819,0.0,0.0,0.0
2021-07-30 00:00:00+08:00,17.93,17.93,17.81,17.83,7610433,0.0,0.0,0.0
2021-08-02 00:00:00+08:00,17.89,18.03,17.87,18.03,15270606,0.0,0.0,0.0
2021-08-03 00:00:00+08:00,18.06,18.12,18.03,18.11,16874564,0.0,0.0,0.0
2021-08-04 00:00:00+08:00,18.14,18.29,18.14,18.26,27474573,0.0,0.0,0.0
2021-08-05 00:00:00+08:00,18.28,18.45,18.27,18.42,26455886,0.0,0.0,0.0
2021-08-06 00:00:00+08:00,18.42,18.42,18.2,18.32,14113766,0.0,0.0,0.0
2021-08-09 00:00:00+08:00,18.3,18.3,18.09,18.19,12899456,0.0,0.0,0.0
2021-08-10 00:00:00+08:00,18.24,18.28,18.04,18.08,31698362,0.0,0.0,0.0
2021-08-11 00:00:00+08:00,18.05,18.07,17.91,17.97,29579227,0.0,0.0,0.0
2021-08-12 00:00:00+08:00,18.0,18.09,17.96,17.97,16586891,0.0,0.0,0.0
2021-08-13 00:00:00+08:00,18.0,18.0,17.77,17.77,46006289,0.0,0.0,0.0
2021-08-16 00:00:00+08:00,17.77,17.77,17.51,17.58,53163136,0.0,0.0,0.0
2021-08-17 00:00:00+08:00,17.18,17.18,16.94,16.95,50768230,0.0,0.0,0.0
2021-08-18 00:00:00+08:00,16.78,17.02,16.65,17.02,36328959,0.0,0.0,0.0
2021-08-19 00:00:00+08:00,16.99,16.99,16.62,16.63,48800414,0.0,0.0,0.0
2021-08-20 00:00:00+08:00,16.65,16.73,16.42,16.57,25374487,0.0,0.0,0.0
2021-08-23 00:00:00+08:00,16.72,17.05,16.72,17.03,14916106,0.0,0.0,0.0
2021-08-24 00:00:00+08:00,17.15,17.15,17.03,17.06,10134869,0.0,0.0,0.0
2021-08-25 00:00:00+08:00,17.12,17.23,17.11,17.2,10278137,0.0,0.0,0.0
2021-08-26 00:00:00+08:00,17.35,17.38,17.13,17.22,18484433,0.0,0.0,0.0
2021-08-27 00:00:00+08:00,17.2,17.36,17.13,17.32,9781711,0.0,0.0,0.0
2021-08-30 00:00:00+08:00,17.4,17.47,17.37,17.47,11421051,0.0,0.0,0.0
2021-08-31 00:00:00+08:00,17.49,17.55,17.29,17.55,15458355,0.0,0.0,0.0
2021-09-01 00:00:00+08:00,17.55,17.79,17.55,17.76,28245202,0.0,0.0,0.0
2021-09-02 00:00:00+08:00,17.75,17.92,17.67,17.67,29505045,0.0,0.0,0.0
2021-09-03 00:00:00+08:00,17.75,17.93,17.72,17.91,35464626,0.0,0.0,0.0
2021-09-06 00:00:00+08:00,17.9,18.03,17.87,17.89,33878434,0.0,0.0,0.0
2021-09-07 00:00:00+08:00,17.9,17.93,17.66,17.75,14775760,0.0,0.0,0.0
2021-09-08 00:00:00+08:00,17.71,17.77,17.45,17.53,25438397,0.0,0.0,0.0
2021-09-09 00:00:00+08:00,17.48,17.6,17.4,17.54,9999029,0.0,0.0,0.0
2021-09-10 00:00:00+08:00,17.54,17.74,17.54,17.73,14164274,0.0,0.0,0.0
2021-09-13 00:00:00+08:00,17.73,17.75,17.59,17.63,8791240,0.0,0.0,0.0
2021-09-14 00:00:00+08:00,17.65,17.73,17.63,17.7,6884073,0.0,0.0,0.0
2021-09-15 00:00:00+08:00,17.69,17.69,17.52,17.59,10061341,0.0,0.0,0.0
2021-09-16 00:00:00+08:00,17.6,17.65,17.45,17.52,15829492,0.0,0.0,0.0
2021-09-17 00:00:00+08:00,17.52,17.69,17.45,17.64,10490653,0.0,0.0,0.0
2021-09-22 00:00:00+08:00,17.29,17.33,17.2,17.32,41411039,0.0,0.0,0.0
2021-09-23 00:00:00+08:00,17.4,17.49,17.37,17.44,7083866,0.0,0.0,0.0
2021-09-24 00:00:00+08:00,17.5,17.57,17.5,17.55,5332604,0.0,0.0,0.0
2021-09-27 00:00:00+08:00,17.56,17.66,17.53,17.6,11290784,0.0,0.0,0.0
2021-09-28 00:00:00+08:00,17.57,17.57,17.4,17.49,9323220,0.0,0.0,0.0
2021-09-29 00:00:00+08:00,17.26,17.26,17.1,17.15,54446824,0.0,0.0,0.0
2021-09-30 00:00:00+08:00,17.15,17.18,16.95,17.13,27889161,0.0,0.0,0.0
2021-10-01 00:00:00+08:00,17.03,17.03,16.75,16.81,65508172,0.0,0.0,0.0
2021-10-04 00:00:00+08:00,16.9,16.94,16.63,16.67,26972386,0.0,0.0,0.0
2021-10-05 00:00:00+08:00,16.54,16.67,16.38,16.64,39540078,0.0,0.0,0.0
2021-10-06 00:00:00+08:00,16.78,16.78,16.55,16.64,25835854,0.0,0.0,0.0
2021-10-07 00:00:00+08:00,16.79,17.08,16.78,17.04,20782701,0.0,0.0,0.0
2021-10-08 00:00:00+08:00,17.12,17.12,16.93,16.97,11821259,0.0,0.0,0.0
2021-10-12 00:00:00+08:00,16.8,16.8,16.65,16.72,24059434,0.0,0.0,0.0
2021-10-13 00:00:00+08:00,16.75,16.79,16.52,16.53,26433232,0.0,0.0,0.0
2021-10-14 00:00:00+08:00,16.72,16.73,16.5,16.56,14584037,0.0,0.0,0.0
2021-10-15 00:00:00+08:00,16.79,17.0,16.77,17.0,21535721,0.0,0.0,0.0
2021-10-18 00:00:00+08:00,17.05,17.08,16.86,16.87,16943828,0.0,0.0,0.0
2021-10-19 00:00:00+08:00,16.95,17.14,16.95,17.1,15537064,0.0,0.0,0.0
2021-10-20 00:00:00+08:00,17.11,17.19,17.08,17.1,12629579,0.0,0.0,0.0
2021-10-21 00:00:00+08:00,17.1,17.23,17.0,17.02,14752734,0.0,0.0,0.0
2021-10-22 00:00:00+08:00,17.07,17.13,16.99,17.09,10225658,0.0,0.0,0.0
2021-10-25 00:00:00+08:00,17.08,17.15,16.95,17.11,9545203,0.0,0.0,0.0
2021-10-26 00:00:00+08:00,17.12,17.32,17.12,17.29,25386496,0.0,0.0,0.0
2021-10-27 00:00:00+08:00,17.3,17.4,17.26,17.4,20560934,0.0,0.0,0.0
2021-10-28 00:00:00+08:00,17.38,17.43,17.3,17.36,10526378,0.0,0.0,0.0
2021-10-29 00:00:00+08:00,17.38,17.38,17.21,17.25,13930329,0.0,0.0,0.0
2021-11-01 00:00:00+08:00,17.33,17.39,17.3,17.35,11894608,0.0,0.0,0.0
2021-11-02 00:00:00+08:00,17.4,17.54,17.32,17.38,18628317,0.0,0.0,0.0
2021-11-03 00:00:00+08:00,17.41,17.45,17.38,17.39,8339369,0.0,0.0,0.0
2021-11-04 00:00:00+08:00,17.5,17.53,17.38,17.39,10295086,0.0,0.0,0.0
2021-11-05 00:00:00+08:00,17.48,17.66,17.48,17.65,37655297,0.0,0.0,0.0
2021-11-08 00:00:00+08:00,17.7,17.77,17.63,17.76,15846497,0.0,0.0,0.0
2021-11-09 00:00:00+08:00,17.88,18.03,17.88,17.95,48050165,0.0,0.0,0.0
2021-11-10 00:00:00+08:00,17.95,17.98,17.88,17.98,17333143,0.0,0.0,0.0
2021-11-11 00:00:00+08:00,17.82,17.89,17.74,17.83,10265297,0.0,0.0,0.0
2021-11-12 00:00:00+08:00,17.9,18.1,17.9,18.0,39536116,0.0,0.0,0.0
2021-11-15 00:00:00+08:00,18.11,18.22,18.11,18.16,33470168,0.0,0.0,0.0
2021-11-16 00:00:00+08:00,18.19,18.25,18.16,18.2,21656366,0.0,0.0,0.0
2021-11-17 00:00:00+08:00,18.29,18.37,18.24,18.26,19602579,0.0,0.0,0.0
2021-11-18 00:00:00+08:00,18.32,18.38,18.26,18.37,23433340,0.0,0.0,0.0
2021-11-19 00:00:00+08:00,18.45,18.54,18.38,18.45,23768054,0.0,0.0,0.0
2021-11-22 00:00:00+08:00,18.45,18.48,18.37,18.4,13766362,0.0,0.0,0.0
2021-11-23 00:00:00+08:00,18.32,18.33,18.15,18.16,17008641,0.0,0.0,0.0
2021-11-24 00:00:00+08:00,18.13,18.2,18.0,18.06,16044896,0.0,0.0,0.0
2021-11-25 00:00:00+08:00,18.08,18.13,18.01,18.09,6446090,0.0,0.0,0.0
2021-11-26 00:00:00+08:00,18.01,18.02,17.77,17.79,23859985,0.0,0.0,0.0
2021-11-29 00:00:00+08:00,17.61,17.93,17.61,17.83,17010714,0.0,0.0,0.0
2021-11-30 00:00:00+08:00,18.01,18.15,17.91,17.95,15076287,0.0,0.0,0.0
2021-12-01 00:00:00+08:00,17.92,18.27,17.92,18.23,21264545,0.0,0.0,0.0
2021-12-02 00:00:00+08:00,18.21,18.47,18.17,18.35,23748727,0.0,0.0,0.0
2021-12-03 00:00:00+08:00,18.39,18.4,18.26,18.34,10739141,0.0,0.0,0.0
2021-12-06 00:00:00+08:00,18.27,18.37,18.13,18.31,13444685,0.0,0.0,0.0
2021-12-07 00:00:00+08:00,18.31,18.32,18.16,18.28,9730514,0.0,0.0,0.0
2021-12-08 00:00:00+08:00,18.43,18.55,18.38,18.39,19373641,0.0,0.0,0.0
2021-12-09 00:00:00+08:00,18.39,18.43,18.28,18.34,5566726,0.0,0.0,0.0
2021-12-10 00:00:00+08:00,18.29,18.34,18.2,18.33,5692916,0.0,0.0,0.0
2021-12-13 00:00:00+08:00,18.35,18.4,18.29,18.29,6905016,0.0,0.0,0.0
2021-12-14 00:00:00+08:00,18.2,18.2,18.06,18.1,10000391,0.0,0.0,0.0
2021-12-15 00:00:00+08:00,18.1,18.16,18.04,18.12,6524493,0.0,0.0,0.0
2021-12-16 00:00:00+08:00,18.28,18.37,18.27,18.37,14396518,0.0,0.0,0.0
2021-12-17 00:00:00+08:00,18.25,18.35,18.23,18.31,7379601,0.0,0.0,0.0
2021-12-20 00:00:00+08:00,18.31,18.31,18.1,18.15,9599737,0.0,0.0,0.0
2021-12-21 00:00:00+08:00,18.15,18.39,18.15,18.36,13845443,0.0,0.0,0.0
2021-12-22 00:00:00+08:00,18.4,18.44,18.37,18.43,10902336,0.0,0.0,0.0
2021-12-23 00:00:00+08:00,18.49,18.6,18.49,18.54,21484041,0.0,0.0,0.0
2021-12-24 00:00:00+08:00,18.59,18.68,18.57,18.6,19749149,0.0,0.0,0.0
2021-12-27 00:00:00+08:00,18.63,18.88,18.63,18.8,22401464,0.0,0.0,0.0
2021-12-28 00:00:00+08:00,18.89,18.98,18.89,18.96,18233906,0.0,0.0,0.0
2021-12-29 00:00:00+08:00,18.98,19.05,18.96,19.02,19434272,0.0,0.0,0.0
2021-12-30 00:00:00+08:00,19.02,19.04,18.94,18.99,10266952,0.0,0.0,0.0
2022-01-03 00:00:00+08:00,19.05,19.21,18.97,18.97,16699079,0.0,0.0,0.0
2022-01-04 00:00:00+08:00,19.16,19.26,19.16,19.26,21922361,0.0,0.0,0.0
2022-01-05 00:00:00+08:00,19.3,19.43,19.29,19.32,24194974,0.0,0.0,0.0
2022-01-06 00:00:00+08:00,19.19,19.19,18.91,19.01,33882398,0.0,0.0,0.0
2022-01-07 00:00:00+08:00,19.06,19.15,18.75,18.83,36555282,0.0,0.0,0.0
2022-01-10 00:00:00+08:00,18.7,18.83,18.59,18.83,21490779,0.0,0.0,0.0
2022-01-11 00:00:00+08:00,18.83,18.83,18.65,18.75,21546448,0.0,0.0,0.0
2022-01-12 00:00:00+08:00,18.8,18.9,18.74,18.8,15537522,0.0,0.0,0.0
2022-01-13 00:00:00+08:00,18.85,18.93,18.81,18.88,19454879,0.0,0.0,0.0
2022-01-14 00:00:00+08:00,18.92,18.92,18.62,18.78,35490218,0.0,0.0,0.0
2022-01-17 00:00:00+08:00,18.9,19.06,18.87,19.06,28932126,0.0,0.0,0.0
2022-01-18 00:00:00+08:00,18.53,18.64,18.42,18.42,51859847,0.0,0.0,0.0
2022-01-19 00:00:00+08:00,18.35,18.35,18.2,18.2,32885789,0.0,0.0,0.0
2022-01-20 00:00:00+08:00,18.2,18.23,18.05,18.17,26337488,0.0,0.0,0.0
2022-01-21 00:00:00+08:00,18.05,18.05,17.84,17.84,45502978,0.0,0.0,0.0
2022-01-24 00:00:00+08:00,17.81,18.06,17.7,18.05,25951241,0.0,0.0,0.0
2022-01-25 00:00:00+08:00,17.9,17.91,17.77,17.81,37107009,0.0,0.0,0.0
2022-01-26 00:00:00+08:00,17.75,17.81,17.68,17.69,28523418,0.0,0.0,0.0
2022-02-07 00:00:00+08:00,17.87,17.88,17.54,17.67,28841728,0.0,0.0,0.0
2022-02-08 00:00:00+08:00,17.77,17.85,17.74,17.79,18276575,0.0,0.0,0.0
2022-02-09 00:00:00+08:00,17.86,17.96,17.79,17.95,17199227,0.0,0.0,0.0
2022-02-10 00:00:00+08:00,18.0,18.12,17.95,18.12,12553309,0.0,0.0,0.0
2022-02-11 00:00:00+08:00,18.05,18.1,17.96,18.06,14660309,0.0,0.0,0.0
2022-02-14 00:00:00+08:00,17.85,17.85,17.62,17.65,37144655,0.0,0.0,0.0
2022-02-15 00:00:00+08:00,17.65,17.77,17.6,17.63,27246826,0.0,0.0,0.0
2022-02-16 00:00:00+08:00,17.85,17.94,17.83,17.91,14858447,0.0,0.0,0.0
2022-02-17 00:00:00+08:00,17.95,18.0,17.86,17.9,14580982,0.0,0.0,0.0
2022-02-18 00:00:00+08:00,17.8,17.88,17.73,17.87,10818634,0.0,0.0,0.0
2022-02-21 00:00:00+08:00,17.78,17.87,17.68,17.85,11112693,0.0,0.0,0.0
2022-02-22 00:00:00+08:00,17.72,17.73,17.5,17.62,39599068,0.0,0.0,0.0
2022-02-23 00:00:00+08:00,17.61,17.71,17.59,17.71,11366655,0.0,0.0,0.0
2022-02-24 00:00:00+08:00,17.51,17.52,17.21,17.24,49752781,0.0,0.0,0.0
2022-02-25 00:00:00+08:00,17.27,17.35,17.2,17.23,28576733,0.0,0.0,0.0
2022-03-01 00:00:00+08:00,17.32,17.59,17.32,17.53,16565229,0.0,0.0,0.0
2022-03-02 00:00:00+08:00,17.47,17.47,17.35,17.42,15900323,0.0,0.0,0.0
2022-03-03 00:00:00+08:00,17.53,17.57,17.43,17.45,11420297,0.0,0.0,0.0
2022-03-04 00:00:00+08:00,17.28,17.3,17.21,17.22,26669820,0.0,0.0,0.0
2022-03-07 00:00:00+08:00,17.0,17.01,16.75,16.75,79565100,0.0,0.0,0.0
2022-03-08 00:00:00+08:00,16.39,16.54,16.22,16.22,84704021,0.0,0.0,0.0
2022-03-09 00:00:00+08:00,16.32,16.46,16.32,16.42,34004841,0.0,0.0,0.0
2022-03-10 00:00:00+08:00,16.75,16.94,16.75,16.9,21301904,0.0,0.0,0.0
2022-03-11 00:00:00+08:00,16.88,16.88,16.65,16.68,22484034,0.0,0.0,0.0
2022-03-14 00:00:00+08:00,16.75,16.79,16.47,16.5,27594912,0.0,0.0,0.0
2022-03-15 00:00:00+08:00,16.41,16.41,16.09,16.11,72308859,0.0,0.0,0.0
2022-03-16 00:00:00+08:00,16.26,16.28,16.02,16.15,38739415,0.0,0.0,0.0
2022-03-17 00:00:00+08:00,16.58,16.8,16.57,16.78,27354669,0.0,0.0,0.0
2022-03-18 00:00:00+08:00,16.8,16.8,16.62,16.73,15277596,0.0,0.0,0.0
2022-03-21 00:00:00+08:00,16.84,16.92,16.82,16.83,12589402,0.0,0.0,0.0
2022-03-22 00:00:00+08:00,16.84,16.84,16.77,16.8,11475625,0.0,0.0,0.0
2022-03-23 00:00:00+08:00,16.92,17.0,16.88,16.95,11890771,0.0,0.0,0.0
2022-03-24 00:00:00+08:00,16.9,16.97,16.82,16.95,14474763,0.0,0.0,0.0
2022-03-25 00:00:00+08:00,17.01,17.02,16.93,16.98,12544295,0.0,0.0,0.0
2022-03-28 00:00:00+08:00,16.87,16.87,16.63,16.78,19169626,0.0,0.0,0.0
2022-03-29 00:00:00+08:00,16.82,16.82,16.68,16.73,17598906,0.0,0.0,0.0
2022-03-30 00:00:00+08:00,16.85,16.91,16.8,16.88,12482613,0.0,0.0,0.0
2022-03-31 00:00:00+08:00,16.88,16.9,16.8,16.81,10313814,0.0,0.0,0.0
2022-04-01 00:00:00+08:00,16.65,16.65,16.56,16.64,23634404,0.0,0.0,0.0
2022-04-06 00:00:00+08:00,16.47,16.47,16.31,16.41,39381152,0.0,0.0,0.0
2022-04-07 00:00:00+08:00,16.3,16.3,16.11,16.11,63807456,0.0,0.0,0.0
2022-04-08 00:00:00+08:00,16.12,16.13,16.01,16.04,63835154,0.0,0.0,0.0
2022-04-11 00:00:00+08:00,16.01,16.02,15.69,15.69,86653886,0.0,0.0,0.0
2022-04-12 00:00:00+08:00,15.65,15.8,15.55,15.7,37519749,0.0,0.0,0.0
2022-04-13 00:00:00+08:00,15.81,16.05,15.8,16.04,23734759,0.0,0.0,0.0
2022-04-14 00:00:00+08:00,16.07,16.07,15.96,16.03,19612907,0.0,0.0,0.0
2022-04-15 00:00:00+08:00,15.85,15.85,15.68,15.68,52622210,0.0,0.0,0.0
2022-04-18 00:00:00+08:00,15.6,15.73,15.52,15.65,21759097,0.0,0.0,0.0
2022-04-19 00:00:00+08:00,15.77,15.87,15.7,15.7,15557830,0.0,0.0,0.0
2022-04-20 00:00:00+08:00,15.82,15.85,15.74,15.82,18727411,0.0,0.0,0.0
2022-04-21 00:00:00+08:00,15.88,16.0,15.88,15.9,15128002,0.0,0.0,0.0
2022-04-22 00:00:00+08:00,15.68,15.72,15.63,15.71,38364815,0.0,0.0,0.0
2022-04-25 00:00:00+08:00,15.48,15.49,15.3,15.33,45750437,0.0,0.0,0.0
2022-04-26 00:00:00+08:00,15.41,15.42,15.26,15.31,19944652,0.0,0.0,0.0
2022-04-27 00:00:00+08:00,15.04,15.12,14.93,15.09,56795283,0.0,0.0,0.0
2022-04-28 00:00:00+08:00,15.18,15.35,15.08,15.23,22160850,0.0,0.0,0.0
2022-04-29 00:00:00+08:00,15.49,15.54,15.36,15.4,15681160,0.0,0.0,0.0
2022-05-03 00:00:00+08:00,15.4,15.43,15.25,15.33,11917799,0.0,0.0,0.0
2022-05-04 00:00:00+08:00,15.41,15.42,15.32,15.36,7088925,0.0,0.0,0.0
2022-05-05 00:00:00+08:00,15.6,15.65,15.53,15.57,11647635,0.0,0.0,0.0
2022-05-06 00:00:00+08:00,15.19,15.29,15.16,15.28,16741969,0.0,0.0,0.0
2022-05-09 00:00:00+08:00,15.06,15.13,15.05,15.07,17793695,0.0,0.0,0.0
2022-05-10 00:00:00+08:00,14.89,15.11,14.79,15.08,24676599,0.0,0.0,0.0
2022-05-11 00:00:00+08:00,15.11,15.19,15.01,15.12,11217232,0.0,0.0,0.0
2022-05-12 00:00:00+08:00,15.03,15.08,14.91,14.92,25560421,0.0,0.0,0.0
2022-05-13 00:00:00+08:00,15.06,15.12,15.0,15.11,14322606,0.0,0.0,0.0
2022-05-16 00:00:00+08:00,15.25,15.35,15.14,15.18,13798892,0.0,0.0,0.0
2022-05-17 00:00:00+08:00,15.27,15.39,15.22,15.37,9408360,0.0,0.0,0.0
2022-05-18 00:00:00+08:00,15.55,15.56,15.47,15.51,13217138,0.0,0.0,0.0
2022-05-19 00:00:00+08:00,15.2,15.33,15.19,15.32,14627319,0.0,0.0,0.0
2022-05-20 00:00:00+08:00,15.38,15.49,15.35,15.45,8299844,0.0,0.0,0.0
2022-05-23 00:00:00+08:00,15.5,15.56,15.36,15.41,8795330,0.0,0.0,0.0
2022-05-24 00:00:00+08:00,15.42,15.44,15.15,15.15,10156456,0.0,0.0,0.0
2022-05-25 00:00:00+08:00,15.2,15.37,15.16,15.32,8673750,0.0,0.0,0.0
2022-05-26 00:00:00+08:00,15.37,15.39,15.13,15.13,8853643,0.0,0.0,0.0
2022-05-27 00:00:00+08:00,15.31,15.45,15.31,15.42,9986751,0.0,0.0,0.0
2022-05-30 00:00:00+08:00,15.58,15.78,15.58,15.77,16758385,0.0,0.0,0.0
2022-05-31 00:00:00+08:00,15.75,15.95,15.69,15.95,16036657,0.0,0.0,0.0
2022-06-01 00:00:00+08:00,15.9,16.09,15.9,15.96,14321290,0.0,0.0,0.0
2022-06-02 00:00:00+08:00,15.91,15.93,15.8,15.8,7112005,0.0,0.0,0.0
2022-06-06 00:00:00+08:00,15.83,15.99,15.75,15.93,9144971,0.0,0.0,0.0
2022-06-07 00:00:00+08:00,15.86,15.86,15.7,15.74,10846465,0.0,0.0,0.0
2022-06-08 00:00:00+08:00,15.91,16.0,15.87,15.92,9549620,0.0,0.0,0.0
2022-06-09 00:00:00+08:00,15.88,15.96,15.82,15.94,7045470,0.0,0.0,0.0
2022-06-10 00:00:00+08:00,15.75,15.87,15.72,15.86,6131951,0.0,0.0,0.0
2022-06-13 00:00:00+08:00,15.54,15.54,15.38,15.4,18883861,0.0,0.0,0.0
2022-06-14 00:00:00+08:00,15.21,15.37,15.19,15.36,11536070,0.0,0.0,0.0
2022-06-15 00:00:00+08:00,15.38,15.4,15.24,15.25,10230829,0.0,0.0,0.0
2022-06-16 00:00:00+08:00,15.43,15.51,15.12,15.13,10472855,0.0,0.0,0.0
2022-06-17 00:00:00+08:00,14.96,14.98,14.83,14.9,35064988,0.0,0.0,0.0
2022-06-20 00:00:00+08:00,14.93,14.93,14.72,14.76,21021779,0.0,0.0,0.0
2022-06-21 00:00:00+08:00,14.85,15.09,14.85,15.09,10910381,0.0,0.0,0.0
2022-06-22 00:00:00+08:00,15.05,15.05,14.67,14.69,26756020,0.0,0.0,0.0
2022-06-23 00:00:00+08:00,14.75,14.75,14.32,14.4,34123689,0.0,0.0,0.0
2022-06-24 00:00:00+08:00,14.53,14.61,14.42,14.45,10812856,0.0,0.0,0.0
2022-06-27 00:00:00+08:00,14.63,14.84,14.63,14.73,11944345,0.0,0.0,0.0
2022-06-28 00:00:00+08:00,14.74,14.74,14.5,14.57,7437946,0.0,0.0,0.0
2022-06-29 00:00:00+08:00,14.45,14.54,14.38,14.45,10288497,0.0,0.0,0.0
2022-06-30 00:00:00+08:00,14.38,14.38,14.07,14.09,24473881,0.0,0.0,0.0
2022-07-01 00:00:00+08:00,14.09,14.09,13.55,13.58,43476030,0.0,0.0,0.0
2022-07-04 00:00:00+08:00,13.58,13.66,13.41,13.45,30010933,0.0,0.0,0.0
2022-07-05 00:00:00+08:00,13.66,13.79,13.31,13.56,18913936,0.0,0.0,0.0
2022-07-06 00:00:00+08:00,13.56,13.58,13.23,13.24,15910589,0.0,0.0,0.0
2022-07-07 00:00:00+08:00,13.32,13.77,13.24,13.74,19002296,0.0,0.0,0.0
2022-07-08 00:00:00+08:00,13.91,14.03,13.82,13.9,13860518,0.0,0.0,0.0
2022-07-11 00:00:00+08:00,13.96,14.01,13.75,13.8,9204859,0.0,0.0,0.0
2022-07-12 00:00:00+08:00,13.67,13.69,13.43,13.48,13171559,0.0,0.0,0.0
2022-07-13 00:00:00+08:00,13.86,13.91,13.71,13.85,22017641,0.0,0.0,0.0
2022-07-14 00:00:00+08:00,13.74,14.04,13.65,13.96,7758368,0.0,0.0,0.0
2022-07-15 00:00:00+08:00,14.05,14.25,13.98,14.21,13099242,0.0,0.0,0.0
2022-07-18 00:00:00+08:00,14.28,14.38,14.26,14.31,9073112,0.0,0.0,0.0
2022-07-19 00:00:00+08:00,14.26,14.34,14.2,14.27,8169334,0.0,0.0,0.0
2022-07-20 00:00:00+08:00,14.49,14.53,14.38,14.39,14705872,0.0,0.0,0.0
2022-07-21 00:00:00+08:00,14.46,14.7,14.45,14.7,12992415,0.0,0.0,0.0
2022-07-22 00:00:00+08:00,14.71,14.81,14.65,14.68,12369698,0.0,0.0,0.0
2022-07-25 00:00:00+08:00,14.6,14.68,14.54,14.63,5654825,0.0,0.0,0.0
2022-07-26 00:00:00+08:00,14.58,14.61,14.41,14.46,8149884,0.0,0.0,0.0
2022-07-27 00:00:00+08:00,14.44,14.58,14.37,14.56,7205509,0.0,0.0,0.0
2022-07-28 00:00:00+08:00,14.71,14.77,14.59,14.59,8056850,0.0,0.0,0.0
2022-07-29 00:00:00+08:00,14.7,14.79,14.65,14.68,6572195,0.0,0.0,0.0
2022-08-01 00:00:00+08:00,14.69,14.72,14.57,14.66,7038630,0.0,0.0,0.0
2022-08-02 00:00:00+08:00,14.5,14.51,14.33,14.43,13470523,0.0,0.0,0.0
2022-08-03 00:00:00+08:00,14.4,14.51,14.4,14.51,8862914,0.0,0.0,0.0
2022-08-04 00:00:00+08:00,14.53,14.62,14.39,14.55,12106631,0.0,0.0,0.0
2022-08-05 00:00:00+08:00,14.72,14.92,14.71,14.9,13251824,0.0,0.0,0.0
2022-08-08 00:00:00+08:00,14.83,14.89,14.76,14.85,7981129,0.0,0.0,0.0
2022-08-09 00:00:00+08:00,14.8,14.92,14.7,14.86,7384106,0.0,0.0,0.0
2022-08-10 00:00:00+08:00,14.74,14.78,14.69,14.72,8357553,0.0,0.0,0.0
2022-08-11 00:00:00+08:00,14.92,14.98,14.88,14.96,8276930,0.0,0.0,0.0
2022-08-12 00:00:00+08:00,14.99,15.1,14.99,15.06,9119881,0.0,0.0,0.0
2022-08-15 00:00:00+08:00,15.14,15.24,15.12,15.22,12864305,0.0,0.0,0.0
2022-08-16 00:00:00+08:00,15.04,15.05,14.96,14.98,10272498,0.0,0.0,0.0
2022-08-17 00:00:00+08:00,14.98,15.0,14.91,14.98,6843349,0.0,0.0,0.0
2022-08-18 00:00:00+08:00,14.9,14.91,14.79,14.9,8236347,0.0,0.0,0.0
2022-08-19 00:00:00+08:00,14.9,14.99,14.86,14.92,4988093,0.0,0.0,0.0
2022-08-22 00:00:00+08:00,14.79,14.79,14.7,14.74,4969000,0.0,0.0,0.0
2022-08-23 00:00:00+08:00,14.55,14.62,14.53,14.54,10100004,0.0,0.0,0.0
2022-08-24 00:00:00+08:00,14.57,14.61,14.46,14.5,9518909,0.0,0.0,0.0
2022-08-25 00:00:00+08:00,14.55,14.66,14.55,14.61,4710533,0.0,0.0,0.0
2022-08-26 00:00:00+08:00,14.72,14.75,14.65,14.67,6529847,0.0,0.0,0.0
2022-08-29 00:00:00+08:00,14.32,14.34,14.23,14.28,19349464,0.0,0.0,0.0
2022-08-30 00:00:00+08:00,14.3,14.44,14.3,14.38,7919197,0.0,0.0,0.0
2022-08-31 00:00:00+08:00,14.3,14.49,14.25,14.49,7361548,0.0,0.0,0.0
2022-09-01 00:00:00+08:00,14.28,14.32,14.12,14.16,22976349,0.0,0.0,0.0
2022-09-02 00:00:00+08:00,14.16,14.17,14.03,14.03,14858442,0.0,0.0,0.0
2022-09-05 00:00:00+08:00,14.05,14.12,13.98,14.03,12332100,0.0,0.0,0.0
2022-09-06 00:00:00+08:00,14.12,14.19,13.99,14.03,8947162,0.0,0.0,0.0
2022-09-07 00:00:00+08:00,13.88,13.91,13.75,13.81,14372765,0.0,0.0,0.0
2022-09-08 00:00:00+08:00,13.86,13.98,13.84,13.95,13082153,0.0,0.0,0.0
2022-09-12 00:00:00+08:00,14.19,14.27,14.18,14.19,16899875,0.0,0.0,0.0
2022-09-13 00:00:00+08:00,14.3,14.34,14.24,14.28,6369616,0.0,0.0,0.0
2022-09-14 00:00:00+08:00,13.9,14.1,13.86,14.04,13562044,0.0,0.0,0.0
2022-09-15 00:00:00+08:00,14.05,14.14,14.0,14.07,5006896,0.0,0.0,0.0
2022-09-16 00:00:00+08:00,13.97,13.98,13.88,13.89,15934414,0.0,0.0,0.0
2022-09-19 00:00:00+08:00,13.9,13.94,13.81,13.84,9255729,0.0,0.0,0.0
2022-09-20 00:00:00+08:00,13.87,13.98,13.86,13.96,4998625,0.0,0.0,0.0
2022-09-21 00:00:00+08:00,13.93,13.93,13.79,13.82,8710476,0.0,0.0,0.0
2022-09-22 00:00:00+08:00,13.69,13.7,13.53,13.65,13411144,0.0,0.0,0.0
2022-09-23 00:00:00+08:00,13.63,13.65,13.49,13.52,21180558,0.0,0.0,0.0
2022-09-26 00:00:00+08:00,13.44,13.44,13.15,13.17,32928674,0.0,0.0,0.0
2022-09-27 00:00:00+08:00,13.23,13.25,13.14,13.2,14052854,0.0,0.0,0.0
2022-09-28 00:00:00+08:00,13.23,13.25,12.85,12.85,27979017,0.0,0.0,0.0
2022-09-29 00:00:00+08:00,12.96,13.03,12.76,12.82,20687174,0.0,0.0,0.0
2022-09-30 00:00:00+08:00,12.63,12.77,12.56,12.74,17976449,0.0,0.0,0.0
2022-10-03 00:00:00+08:00,12.62,12.75,12.54,12.6,11186035,0.0,0.0,0.0
2022-10-04 00:00:00+08:00,12.85,12.99,12.85,12.98,12874440,0.0,0.0,0.0
2022-10-05 00:00:00+08:00,13.21,13.41,13.21,13.32,13676284,0.0,0.0,0.0
2022-10-06 00:00:00+08:00,13.37,13.43,13.34,13.39,7981139,0.0,0.0,0.0
2022-10-07 00:00:00+08:00,13.34,13.34,13.17,13.18,10435244,0.0,0.0,0.0
2022-10-11 00:00:00+08:00,12.74,12.74,12.54,12.56,30954669,0.0,0.0,0.0
2022-10-12 00:00:00+08:00,12.55,12.62,12.42,12.53,10610715,0.0,0.0,0.0
2022-10-13 00:00:00+08:00,12.54,12.63,12.42,12.42,13217982,0.0,0.0,0.0
2022-10-14 00:00:00+08:00,12.75,12.89,12.72,12.82,10136602,0.0,0.0,0.0
2022-10-17 00:00:00+08:00,12.69,12.69,12.51,12.65,17966384,0.0,0.0,0.0
2022-10-18 00:00:00+08:00,12.77,12.86,12.62,12.74,10725470,0.0,0.0,0.0
2022-10-19 00:00:00+08:00,12.74,12.78,12.6,12.6,9480180,0.0,0.0,0.0
2022-10-20 00:00:00+08:00,12.45,12.53,12.29,12.52,12574694,0.0,0.0,0.0
2022-10-21 00:00:00+08:00,12.52,12.62,12.45,12.45,11348154,0.0,0.0,0.0
2022-10-24 00:00:00+08:00,12.66,12.73,12.52,12.52,8706818,0.0,0.0,0.0
2022-10-25 00:00:00+08:00,12.52,12.53,12.24,12.25,20284134,0.0,0.0,0.0
2022-10-26 00:00:00+08:00,12.25,12.34,12.21,12.29,7890670,0.0,0.0,0.0
2022-10-27 00:00:00+08:00,12.4,12.49,12.4,12.46,6691437,0.0,0.0,0.0
2022-10-28 00:00:00+08:00,12.43,12.43,12.26,12.3,6181969,0.0,0.0,0.0
2022-10-31 00:00:00+08:00,12.4,12.56,12.38,12.52,5452746,0.0,0.0,0.0
2022-11-01 00:00:00+08:00,12.5,12.62,12.48,12.57,6471020,0.0,0.0,0.0
2022-11-02 00:00:00+08:00,12.57,12.66,12.53,12.66,4131385,0.0,0.0,0.0
2022-11-03 00:00:00+08:00,12.48,12.56,12.43,12.56,7576497,0.0,0.0,0.0
2022-11-04 00:00:00+08:00,12.5,12.58,12.42,12.58,5568782,0.0,0.0,0.0
2022-11-07 00:00:00+08:00,12.74,12.79,12.64,12.76,7873286,0.0,0.0,0.0
2022-11-08 00:00:00+08:00,12.88,12.93,12.84,12.84,4908171,0.0,0.0,0.0
2022-11-09 00:00:00+08:00,12.95,13.25,12.95,13.23,11192010,0.0,0.0,0.0
2022-11-10 00:00:00+08:00,13.18,13.19,13.11,13.15,6283709,0.0,0.0,0.0
2022-11-11 00:00:00+08:00,13.66,13.81,13.64,13.74,25825704,0.0,0.0,0.0
2022-11-14 00:00:00+08:00,13.81,13.91,13.78,13.86,11808885,0.0,0.0,0.0
2022-11-15 00:00:00+08:00,14.0,14.38,13.98,14.33,21820900,0.0,0.0,0.0
2022-11-16 00:00:00+08:00,14.41,14.46,14.2,14.36,18350546,0.0,0.0,0.0
2022-11-17 00:00:00+08:00,14.32,14.42,14.19,14.4,12298578,0.0,0.0,0.0
2022-11-18 00:00:00+08:00,14.42,14.61,14.33,14.34,10635163,0.0,0.0,0.0
2022-11-21 00:00:00+08:00,14.35,14.41,14.26,14.26,5166004,0.0,0.0,0.0
2022-11-22 00:00:00+08:00,14.21,14.34,14.16,14.32,5018294,0.0,0.0,0.0
2022-11-23 00:00:00+08:00,14.4,14.47,14.33,14.34,3970834,0.0,0.0,0.0
2022-11-24 00:00:00+08:00,14.41,14.56,14.41,14.53,10116786,0.0,0.0,0.0
2022-11-25 00:00:00+08:00,14.54,14.55,14.46,14.49,6849840,0.0,0.0,0.0
2022-11-28 00:00:00+08:00,14.38,14.38,14.18,14.24,7676099,0.0,0.0,0.0
2022-11-29 00:00:00+08:00,14.15,14.31,14.1,14.29,4134626,0.0,0.0,0.0
2022-11-30 00:00:00+08:00,14.29,14.45,14.27,14.45,5453679,0.0,0.0,0.0
2022-12-01 00:00:00+08:00,14.71,14.8,14.65,14.69,16928846,0.0,0.0,0.0
2022-12-02 00:00:00+08:00,14.59,14.72,14.52,14.67,4359763,0.0,0.0,0.0
2022-12-05 00:00:00+08:00,14.65,14.82,14.65,14.69,5822975,0.0,0.0,0.0
2022-12-06 00:00:00+08:00,14.63,14.63,14.42,14.42,6488279,0.0,0.0,0.0
2022-12-07 00:00:00+08:00,14.33,14.44,14.25,14.25,7204703,0.0,0.0,0.0
2022-12-08 00:00:00+08:00,14.23,14.23,14.02,14.1,7173796,0.0,0.0,0.0
2022-12-09 00:00:00+08:00,14.2,14.35,14.18,14.29,5768441,0.0,0.0,0.0
2022-12-12 00:00:00+08:00,14.2,14.2,14.09,14.18,5335955,0.0,0.0,0.0
2022-12-13 00:00:00+08:00,14.28,14.28,14.12,14.14,4575762,0.0,0.0,0.0
2022-12-14 00:00:00+08:00,14.2,14.33,14.19,14.33,3756216,0.0,0.0,0.0
2022-12-15 00:00:00+08:00,14.24,14.31,14.19,14.26,7029887,0.0,0.0,0.0
2022-12-16 00:00:00+08:00,14.0,14.07,13.93,14.03,12649350,0.0,0.0,0.0
2022-12-19 00:00:00+08:00,14.0,14.04,13.9,13.96,4356642,0.0,0.0,0.0
2022-12-20 00:00:00+08:00,13.96,13.99,13.68,13.68,9283219,0.0,0.0,0.0
2022-12-21 00:00:00+08:00,13.69,13.78,13.66,13.69,3673759,0.0,0.0,0.0
2022-12-22 00:00:00+08:00,13.86,13.9,13.83,13.85,3021859,0.0,0.0,0.0
2022-12-23 00:00:00+08:00,13.68,13.7,13.6,13.67,6741800,0.0,0.0,0.0
2022-12-26 00:00:00+08:00,13.68,13.7,13.64,13.68,3989957,0.0,0.0,0.0
2022-12-27 00:00:00+08:00,13.73,13.84,13.72,13.74,3738214,0.0,0.0,0.0
2022-12-28 00:00:00+08:00,13.67,13.67,13.44,13.5,9118641,0.0,0.0,0.0
2022-12-29 00:00:00+08:00,13.46,13.49,13.36,13.48,3406761,0.0,0.0,0.0
2022-12-30 00:00:00+08:00,13.65,13.65,13.55,13.55,3114405,0.0,0.0,0.0
2023-01-03 00:00:00+08:00,13.54,13.69,13.39,13.67,4900334,0.0,0.0,0.0
2023-01-04 00:00:00+08:00,13.65,13.69,13.6,13.65,5607335,0.0,0.0,0.0
2023-01-05 00:00:00+08:00,13.72,13.76,13.63,13.66,6589051,0.0,0.0,0.0
2023-01-06 00:00:00+08:00,13.66,13.86,13.66,13.83,5810121,0.0,0.0,0.0
2023-01-09 00:00:00+08:00,14.03,14.24,14.02,14.23,11457231,0.0,0.0,0.0
2023-01-10 00:00:00+08:00,14.25,14.36,14.25,14.33,9136760,0.0,0.0,0.0
2023-01-11 00:00:00+08:00,14.36,14.43,14.3,14.34,5268055,0.0,0.0,0.0
2023-01-12 00:00:00+08:00,14.36,14.4,14.28,14.3,3963780,0.0,0.0,0.0
2023-01-13 00:00:00+08:00,14.5,14.58,14.31,14.34,7664016,0.0,0.0,0.0
2023-01-16 00:00:00+08:00,14.41,14.5,14.4,14.4,9504672,0.0,0.0,0.0
2023-01-17 00:00:00+08:00,14.41,14.46,14.38,14.41,8746620,0.0,0.0,0.0
2023-01-30 00:00:00+08:00,14.5,14.71,14.5,14.67,18509192,0.0,0.0,0.0
2023-01-31 00:00:00+08:00,14.65,14.71,14.52,14.53,9089590,0.0,0.0,0.0
2023-02-01 00:00:00+08:00,14.6,14.65,14.56,14.64,9107935,0.0,0.0,0.0
2023-02-02 00:00:00+08:00,14.79,14.9,14.79,14.88,15459997,0.0,0.0,0.0
2023-02-03 00:00:00+08:00,14.88,14.94,14.79,14.88,9427178,0.0,0.0,0.0
2023-02-06 00:00:00+08:00,14.8,14.8,14.7,14.7,7128049,0.0,0.0,0.0
2023-02-07 00:00:00+08:00,14.61,14.71,14.61,14.66,3760166,0.0,0.0,0.0
2023-02-08 00:00:00+08:00,14.76,14.98,14.76,14.94,14202710,0.0,0.0,0.0
2023-02-09 00:00:00+08:00,14.92,14.97,14.88,14.96,5954488,0.0,0.0,0.0
2023-02-10 00:00:00+08:00,14.96,14.99,14.91,14.97,7493401,0.0,0.0,0.0
2023-02-13 00:00:00+08:00,14.96,14.96,14.81,14.87,4650671,0.0,0.0,0.0
2023-02-14 00:00:00+08:00,14.92,15.0,14.92,14.97,6333138,0.0,0.0,0.0
2023-02-15 00:00:00+08:00,14.76,14.84,14.69,14.71,10713794,0.0,0.0,0.0
2023-02-16 00:00:00+08:00,14.75,14.89,14.75,14.86,5572762,0.0,0.0,0.0
2023-02-17 00:00:00+08:00,14.78,14.78,14.68,14.74,6952529,0.0,0.0,0.0
2023-02-20 00:00:00+08:00,14.75,14.81,14.68,14.76,6275756,0.0,0.0,0.0
2023-02-21 00:00:00+08:00,14.76,14.83,14.75,14.81,3342596,0.0,0.0,0.0
2023-02-22 00:00:00+08:00,14.68,14.68,14.56,14.61,9401232,0.0,0.0,0.0
2023-02-23 00:00:00+08:00,14.67,14.88,14.66,14.84,8525626,0.0,0.0,0.0
2023-02-24 00:00:00+08:00,14.88,14.93,14.7,14.7,5837467,0.0,0.0,0.0
2023-03-01 00:00:00+08:00,14.69,14.93,14.49,14.93,12184125,0.0,0.0,0.0
2023-03-02 00:00:00+08:00,14.92,14.92,14.77,14.9,5432575,0.0,0.0,0.0
2023-03-03 00:00:00+08:00,14.93,15.03,14.91,14.92,9113257,0.0,0.0,0.0
2023-03-06 00:00:00+08:00,15.02,15.18,15.02,15.12,17576897,0.0,0.0,0.0
2023-03-07 00:00:00+08:00,15.12,15.28,15.1,15.25,13591019,0.0,0.0,0.0
2023-03-08 00:00:00+08:00,15.18,15.18,15.08,15.15,9061314,0.0,0.0,0.0
2023-03-09 00:00:00+08:00,15.17,15.21,15.13,15.13,4073235,0.0,0.0,0.0
2023-03-10 00:00:00+08:00,15.0,15.01,14.84,14.87,11312303,0.0,0.0,0.0
2023-03-13 00:00:00+08:00,14.8,14.93,14.73,14.93,9799572,0.0,0.0,0.0
2023-03-14 00:00:00+08:00,14.77,14.83,14.71,14.75,5554925,0.0,0.0,0.0
2023-03-15 00:00:00+08:00,14.8,14.96,14.77,14.77,5624542,0.0,0.0,0.0
2023-03-16 00:00:00+08:00,14.73,14.83,14.7,14.74,8742167,0.0,0.0,0.0
2023-03-17 00:00:00+08:00,14.84,14.97,14.84,14.97,9529197,0.0,0.0,0.0
2023-03-20 00:00:00+08:00,14.97,15.0,14.9,14.91,5417802,0.0,0.0,0.0
2023-03-21 00:00:00+08:00,15.0,15.03,14.95,15.01,6363855,0.0,0.0,0.0
2023-03-22 00:00:00+08:00,15.11,15.24,15.11,15.24,13991976,0.0,0.0,0.0
2023-03-23 00:00:00+08:00,15.15,15.38,15.15,15.34,11854559,0.0,0.0,0.0
2023-03-24 00:00:00+08:00,15.36,15.47,15.36,15.47,16146575,0.0,0.0,0.0
2023-03-27 00:00:00+08:00,15.45,15.45,15.32,15.33,6212538,0.0,0.0,0.0
2023-03-28 00:00:00+08:00,15.3,15.3,15.15,15.16,6966034,0.0,0.0,0.0
2023-03-29 00:00:00+08:00,15.16,15.25,15.09,15.17,5567915,0.0,0.0,0.0
2023-03-30 00:00:00+08:00,15.21,15.35,15.21,15.32,7405891,0.0,0.0,0.0
2023-03-31 00:00:00+08:00,15.33,15.46,15.33,15.38,8455686,0.0,0.0,0.0
2023-04-06 00:00:00+08:00,15.35,15.35,15.18,15.24,7244300,0.0,0.0,0.0
2023-04-07 00:00:00+08:00,15.27,15.33,15.22,15.24,7480362,0.0,0.0,0.0
2023-04-10 00:00:00+08:00,15.24,15.3,15.21,15.24,4131526,0.0,0.0,0.0
2023-04-11 00:00:00+08:00,15.24,15.31,15.19,15.25,5084186,0.0,0.0,0.0
2023-04-12 00:00:00+08:00,15.25,15.28,15.2,15.23,5386490,0.0,0.0,0.0
2023-04-13 00:00:00+08:00,15.21,15.21,15.08,15.1,9933858,0.0,0.0,0.0
2023-04-14 00:00:00+08:00,15.12,15.26,15.12,15.22,6257679,0.0,0.0,0.0
2023-04-17 00:00:00+08:00,15.22,15.22,15.09,15.15,6277704,0.0,0.0,0.0
2023-04-18 00:00:00+08:00,15.16,15.17,15.06,15.09,8206734,0.0,0.0,0.0
2023-04-19 00:00:00+08:00,15.09,15.12,14.99,15.01,9660535,0.0,0.0,0.0
2023-04-20 00:00:00+08:00,15.0,15.05,14.94,14.98,8211386,0.0,0.0,0.0
2023-04-21 00:00:00+08:00,14.99,15.03,14.86,14.88,10270130,0.0,0.0,0.0
2023-04-24 00:00:00+08:00,14.82,14.9,14.78,14.86,6635648,0.0,0.0,0.0
2023-04-25 00:00:00+08:00,14.86,14.88,14.55,14.57,13234658,0.0,0.0,0.0
2023-04-26 00:00:00+08:00,14.55,14.55,14.44,14.52,6185537,0.0,0.0,0.0
2023-04-27 00:00:00+08:00,14.52,14.67,14.5,14.6,3775219,0.0,0.0,0.0
2023-04-28 00:00:00+08:00,14.64,14.81,14.64,14.79,4816179,0.0,0.0,0.0
2023-05-02 00:00:00+08:00,14.79,14.9,14.76,14.85,4884605,0.0,0.0,0.0
2023-05-03 00:00:00+08:00,14.8,14.84,14.74,14.83,4202818,0.0,0.0,0.0
2023-05-04 00:00:00+08:00,14.83,14.86,14.77,14.86,4012707,0.0,0.0,0.0
2023-05-05 00:00:00+08:00,14.86,14.93,14.83,14.88,6450002,0.0,0.0,0.0
2023-05-08 00:00:00+08:00,14.95,15.06,14.95,15.0,6536759,0.0,0.0,0.0
2023-05-09 00:00:00+08:00,15.0,15.02,14.93,15.01,3782616,0.0,0.0,0.0
2023-05-10 00:00:00+08:00,14.98,14.99,14.85,14.88,4371770,0.0,0.0,0.0
2023-05-11 00:00:00+08:00,14.88,14.93,14.79,14.79,2844305,0.0,0.0,0.0
2023-05-12 00:00:00+08:00,14.76,14.83,14.66,14.8,4832947,0.0,0.0,0.0
2023-05-15 00:00:00+08:00,14.79,14.79,14.7,14.74,3351734,0.0,0.0,0.0
2023-05-16 00:00:00+08:00,14.8,14.93,14.8,14.89,3342835,0.0,0.0,0.0
2023-05-17 00:00:00+08:00,14.88,15.08,14.88,15.05,9966361,0.0,0.0,0.0
2023-05-18 00:00:00+08:00,15.1,15.25,15.1,15.2,14416261,0.0,0.0,0.0
2023-05-19 00:00:00+08:00,15.25,15.3,15.21,15.28,13442384,0.0,0.0,0.0
2023-05-22 00:00:00+08:00,15.28,15.31,15.21,15.24,5478488,0.0,0.0,0.0
2023-05-23 00:00:00+08:00,15.23,15.32,15.2,15.27,5809451,0.0,0.0,0.0
2023-05-24 00:00:00+08:00,15.24,15.26,15.16,15.25,4429292,0.0,0.0,0.0
2023-05-25 00:00:00+08:00,15.35,15.5,15.35,15.5,24173315,0.0,0.0,0.0
2023-05-26 00:00:00+08:00,15.79,15.93,15.79,15.91,43118706,0.0,0.0,0.0
2023-05-29 00:00:00+08:00,16.05,16.22,16.05,16.12,25889956,0.0,0.0,0.0
2023-05-30 00:00:00+08:00,16.16,16.23,16.11,16.18,21484705,0.0,0.0,0.0
2023-05-31 00:00:00+08:00,16.17,16.2,15.99,16.13,11321024,0.0,0.0,0.0
2023-06-01 00:00:00+08:00,16.01,16.06,15.95,16.01,7626073,0.0,0.0,0.0
2023-06-02 00:00:00+08:00,16.05,16.26,16.05,16.18,21903544,0.0,0.0,0.0
2023-06-05 00:00:00+08:00,16.19,16.21,16.12,16.13,9854558,0.0,0.0,0.0
2023-06-06 00:00:00+08:00,16.14,16.21,16.09,16.15,10193015,0.0,0.0,0.0
2023-06-07 00:00:00+08:00,16.15,16.39,16.15,16.38,21596003,0.0,0.0,0.0
2023-06-08 00:00:00+08:00,16.34,16.36,16.13,16.17,12838161,0.0,0.0,0.0
2023-06-09 00:00:00+08:00,16.2,16.39,16.2,16.37,13111517,0.0,0.0,0.0
2023-06-12 00:00:00+08:00,16.38,16.58,16.38,16.51,17070196,0.0,0.0,0.0
2023-06-13 00:00:00+08:00,16.65,16.96,16.65,16.92,49645957,0.0,0.0,0.0
2023-06-14 00:00:00+08:00,16.91,16.98,16.87,16.97,27231351,0.0,0.0,0.0
2023-06-15 00:00:00+08:00,16.98,17.14,16.98,17.11,29193031,0.0,0.0,0.0
2023-06-16 00:00:00+08:00,17.11,17.12,16.97,17.05,16864996,0.0,0.0,0.0
2023-06-19 00:00:00+08:00,17.03,17.13,16.97,17.11,20567355,0.0,0.0,0.0
2023-06-20 00:00:00+08:00,17.08,17.1,16.9,16.96,13138532,0.0,0.0,0.0
2023-06-21 00:00:00+08:00,16.95,17.03,16.9,16.98,16084170,0.0,0.0,0.0
2023-06-26 00:00:00+08:00,16.76,16.88,16.74,16.82,9761353,0.0,0.0,0.0
2023-06-27 00:00:00+08:00,16.77,16.83,16.66,16.67,11873645,0.0,0.0,0.0
2023-06-28 00:00:00+08:00,16.75,16.83,16.71,16.73,8046112,0.0,0.0,0.0
2023-06-29 00:00:00+08:00,16.8,16.93,16.73,16.76,10943137,0.0,0.0,0.0
2023-06-30 00:00:00+08:00,16.75,16.82,16.64,16.82,7963570,0.0,0.0,0.0
2023-07-03 00:00:00+08:00,16.9,17.13,16.9,17.08,18144925,0.0,0.0,0.0
2023-07-04 00:00:00+08:00,17.14,17.34,17.14,17.3,30807984,0.0,0.0,0.0
2023-07-05 00:00:00+08:00,17.3,17.33,17.18,17.22,9368394,0.0,0.0,0.0
2023-07-06 00:00:00+08:00,17.08,17.16,16.91,16.93,12045697,0.0,0.0,0.0
2023-07-07 00:00:00+08:00,16.85,16.96,16.75,16.84,12529511,0.0,0.0,0.0
2023-07-10 00:00:00+08:00,16.84,16.95,16.76,16.79,8258178,0.0,0.0,0.0
2023-07-11 00:00:00+08:00,16.92,17.11,16.92,17.11,12668914,0.0,0.0,0.0
2023-07-12 00:00:00+08:00,17.11,17.32,17.11,17.31,23236490,0.0,0.0,0.0
2023-07-13 00:00:00+08:00,17.5,17.82,17.49,17.59,46148078,0.0,0.0,0.0
2023-07-14 00:00:00+08:00,17.7,17.88,17.61,17.83,39362426,0.0,0.0,0.0
2023-07-17 00:00:00+08:00,17.82,17.91,17.78,17.85,21826678,0.0,0.0,0.0
2023-07-18 00:00:00+08:00,17.9,18.1,17.75,17.9,24845402,0.0,0.0,0.0
2023-07-19 00:00:00+08:00,18.0,18.08,17.66,17.68,17430817,0.0,0.0,0.0
2023-07-20 00:00:00+08:00,17.66,17.78,17.64,17.73,8882979,0.0,0.0,0.0
2023-07-21 00:00:00+08:00,17.44,17.67,17.27,17.65,12406608,0.0,0.0,0.0
2023-07-24 00:00:00+08:00,17.63,17.89,17.63,17.88,16126676,0.0,0.0,0.0
2023-07-25 00:00:00+08:00,17.93,18.14,17.93,17.98,33451729,0.0,0.0,0.0
2023-07-26 00:00:00+08:00,17.99,18.07,17.85,17.91,12863553,0.0,0.0,0.0
2023-07-27 00:00:00+08:00,17.99,18.07,17.91,17.92,18831164,0.0,0.0,0.0
2023-07-28 00:00:00+08:00,17.92,18.09,17.83,18.06,21137706,0.0,0.0,0.0
2023-07-31 00:00:00+08:00,18.15,18.39,17.79,17.84,24358211,0.0,0.0,0.0
2023-08-01 00:00:00+08:00,17.84,18.0,17.73,17.92,15591619,0.0,0.0,0.0
2023-08-02 00:00:00+08:00,17.92,17.99,17.43,17.47,19205283,0.0,0.0,0.0
2023-08-04 00:00:00+08:00,17.35,17.53,17.29,17.44,11686690,0.0,0.0,0.0
2023-08-07 00:00:00+08:00,17.53,17.81,17.53,17.76,8607240,0.0,0.0,0.0
2023-08-08 00:00:00+08:00,17.77,17.82,17.48,17.62,8359876,0.0,0.0,0.0
2023-08-09 00:00:00+08:00,17.57,17.67,17.41,17.55,5348463,0.0,0.0,0.0
2023-08-10 00:00:00+08:00,17.43,17.43,17.15,17.2,11208084,0.0,0.0,0.0
2023-08-11 00:00:00+08:00,17.24,17.38,17.19,17.23,6514714,0.0,0.0,0.0
2023-08-14 00:00:00+08:00,17.18,17.23,17.05,17.12,11002064,0.0,0.0,0.0
2023-08-15 00:00:00+08:00,17.27,17.42,17.24,17.25,10065190,0.0,0.0,0.0
2023-08-16 00:00:00+08:00,16.81,16.92,16.73,16.92,9665851,0.0,0.0,0.0
2023-08-17 00:00:00+08:00,16.86,17.05,16.79,17.02,10447387,0.0,0.0,0.0
2023-08-18 00:00:00+08:00,16.98,17.06,16.71,16.79,14847210,0.0,0.0,0.0
2023-08-21 00:00:00+08:00,16.89,16.93,16.72,16.74,6870825,0.0,0.0,0.0
2023-08-22 00:00:00+08:00,16.93,16.99,16.85,16.87,6217667,0.0,0.0,0.0
2023-08-23 00:00:00+08:00,16.88,17.02,16.88,17.02,5254437,0.0,0.0,0.0
2023-08-24 00:00:00+08:00,17.3,17.46,17.21,17.33,16687079,0.0,0.0,0.0
2023-08-25 00:00:00+08:00,17.1,17.1,16.87,16.88,9661149,0.0,0.0,0.0
2023-08-28 00:00:00+08:00,16.9,17.0,16.89,16.92,4388799,0.0,0.0,0.0
2023-08-29 00:00:00+08:00,17.0,17.0,16.86,16.99,5188240,0.0,0.0,0.0
2023-08-30 00:00:00+08:00,17.14,17.21,17.07,17.09,4902099,0.0,0.0,0.0
2023-08-31 00:00:00+08:00,17.08,17.11,17.0,17.07,3079868,0.0,0.0,0.0
2023-09-01 00:00:00+08:00,17.07,17.11,16.99,17.01,3140905,0.0,0.0,0.0
2023-09-04 00:00:00+08:00,17.01,17.12,16.96,17.12,6432591,0.0,0.0,0.0
2023-09-05 00:00:00+08:00,17.11,17.16,17.08,17.16,6207202,0.0,0.0,0.0
2023-09-06 00:00:00+08:00,17.18,17.25,17.16,17.18,7757828,0.0,0.0,0.0
2023-09-07 00:00:00+08:00,17.11,17.13,17.04,17.04,4040623,0.0,0.0,0.0
2023-09-08 00:00:00+08:00,16.98,16.98,16.85,16.9,5745952,0.0,0.0,0.0
2023-09-11 00:00:00+08:00,16.9,16.92,16.64,16.7,8814070,0.0,0.0,0.0
2023-09-12 00:00:00+08:00,16.72,16.93,16.69,16.89,6122183,0.0,0.0,0.0
2023-09-13 00:00:00+08:00,16.91,16.97,16.82,16.86,5476878,0.0,0.0,0.0
2023-09-14 00:00:00+08:00,16.93,17.15,16.93,17.14,9964631,0.0,0.0,0.0
2023-09-15 00:00:00+08:00,17.14,17.3,17.14,17.28,12970928,0.0,0.0,0.0
2023-09-18 00:00:00+08:00,17.1,17.18,17.06,17.06,5083811,0.0,0.0,0.0
2023-09-19 00:00:00+08:00,17.07,17.15,16.97,16.98,4963806,0.0,0.0,0.0
2023-09-20 00:00:00+08:00,16.94,16.99,16.83,16.85,5356671,0.0,0.0,0.0
2023-09-21 00:00:00+08:00,16.75,16.75,16.59,16.61,10987904,0.0,0.0,0.0
2023-09-22 00:00:00+08:00,16.5,16.67,16.48,16.65,7717944,0.0,0.0,0.0
2023-09-25 00:00:00+08:00,16.65,16.84,16.65,16.81,4103731,0.0,0.0,0.0
2023-09-26 00:00:00+08:00,16.77,16.79,16.58,16.58,5217636,0.0,0.0,0.0
2023-09-27 00:00:00+08:00,16.58,16.62,16.51,16.61,3329660,0.0,0.0,0.0
2023-09-28 00:00:00+08:00,16.69,16.8,16.64,16.71,5712762,0.0,0.0,0.0
2023-10-02 00:00:00+08:00,16.84,17.12,16.84,17.05,9581157,0.0,0.0,0.0
2023-10-03 00:00:00+08:00,17.04,17.12,16.95,16.95,6332462,0.0,0.0,0.0
2023-10-04 00:00:00+08:00,16.8,16.85,16.68,16.83,4988123,0.0,0.0,0.0
2023-10-05 00:00:00+08:00,16.91,17.05,16.91,17.03,6170996,0.0,0.0,0.0
2023-10-06 00:00:00+08:00,17.09,17.17,17.07,17.09,6182210,0.0,0.0,0.0
2023-10-11 00:00:00+08:00,17.28,17.39,17.2,17.21,10755829,0.0,0.0,0.0
2023-10-12 00:00:00+08:00,17.22,17.29,17.19,17.28,8992314,0.0,0.0,0.0
2023-10-13 00:00:00+08:00,17.23,17.31,17.2,17.27,7725176,0.0,0.0,0.0
2023-10-16 00:00:00+08:00,17.17,17.19,17.1,17.13,7178314,0.0,0.0,0.0
2023-10-17 00:00:00+08:00,17.21,17.3,17.1,17.1,4650758,0.0,0.0,0.0
2023-10-18 00:00:00+08:00,17.1,17.1,16.81,16.82,10152906,0.0,0.0,0.0
2023-10-19 00:00:00+08:00,16.75,16.88,16.74,16.85,7557543,0.0,0.0,0.0
2023-10-20 00:00:00+08:00,16.81,16.91,16.69,16.86,13598144,0.0,0.0,0.0
2023-10-23 00:00:00+08:00,16.8,16.8,16.62,16.63,7805829,0.0,0.0,0.0
2023-10-24 00:00:00+08:00,16.6,16.67,16.46,16.67,9261909,0.0,0.0,0.0
2023-10-25 00:00:00+08:00,16.73,16.81,16.71,16.71,4836591,0.0,0.0,0.0
2023-10-26 00:00:00+08:00,16.45,16.46,16.36,16.36,10690094,0.0,0.0,0.0
2023-10-27 00:00:00+08:00,16.4,16.43,16.33,16.35,10417109,0.0,0.0,0.0
2023-10-30 00:00:00+08:00,16.36,16.48,16.36,16.4,3699582,0.0,0.0,0.0
2023-10-31 00:00:00+08:00,16.45,16.49,16.2,16.22,7199294,0.0,0.0,0.0
2023-11-01 00:00:00+08:00,16.32,16.35,16.2,16.28,4078815,0.0,0.0,0.0
2023-11-02 00:00:00+08:00,16.51,16.71,16.51,16.71,5920447,0.0,0.0,0.0
2023-11-03 00:00:00+08:00,16.72,16.82,16.72,16.79,3886459,0.0,0.0,0.0
2023-11-06 00:00:00+08:00,16.95,17.06,16.94,16.98,8467598,0.0,0.0,0.0
2023-11-07 00:00:00+08:00,16.97,17.03,16.92,16.99,3268217,0.0,0.0,0.0
2023-11-08 00:00:00+08:00,16.99,17.2,16.99,17.13,8811346,0.0,0.0,0.0
2023-11-09 00:00:00+08:00,17.11,17.19,17.1,17.18,7872521,0.0,0.0,0.0
2023-11-10 00:00:00+08:00,17.13,17.13,17.02,17.07,4604123,0.0,0.0,0.0
2023-11-13 00:00:00+08:00,17.36,17.42,17.26,17.28,12415344,0.0,0.0,0.0
2023-11-14 00:00:00+08:00,17.32,17.39,17.3,17.33,11131936,0.0,0.0,0.0
2023-11-15 00:00:00+08:00,17.6,17.63,17.41,17.46,14218647,0.0,0.0,0.0
2023-11-16 00:00:00+08:00,17.53,17.54,17.37,17.44,9372539,0.0,0.0,0.0
2023-11-17 00:00:00+08:00,17.45,17.58,17.44,17.53,17804080,0.0,0.0,0.0
2023-11-20 00:00:00+08:00,17.54,17.6,17.51,17.58,8341814,0.0,0.0,0.0
2023-11-21 00:00:00+08:00,17.68,17.82,17.68,17.79,23887034,0.0,0.0,0.0
2023-11-22 00:00:00+08:00,17.73,17.76,17.65,17.67,7354882,0.0,0.0,0.0
2023-11-23 00:00:00+08:00,17.69,17.75,17.59,17.63,5917705,0.0,0.0,0.0
2023-11-24 00:00:00+08:00,17.66,17.7,17.63,17.64,4986563,0.0,0.0,0.0
2023-11-27 00:00:00+08:00,17.64,17.72,17.46,17.46,7355773,0.0,0.0,0.0
2023-11-28 00:00:00+08:00,17.43,17.66,17.43,17.61,7197257,0.0,0.0,0.0
2023-11-29 00:00:00+08:00,17.62,17.76,17.62,17.66,9967888,0.0,0.0,0.0
2023-11-30 00:00:00+08:00,17.67,17.71,17.56,17.69,5263647,0.0,0.0,0.0
2023-12-01 00:00:00+08:00,17.64,17.7,17.59,17.69,6065101,0.0,0.0,0.0
2023-12-04 00:00:00+08:00,17.72,17.77,17.6,17.63,4475405,0.0,0.0,0.0
2023-12-05 00:00:00+08:00,17.54,17.54,17.45,17.5,7328373,0.0,0.0,0.0
2023-12-06 00:00:00+08:00,17.48,17.63,17.48,17.55,7937409,0.0,0.0,0.0
2023-12-07 00:00:00+08:00,17.5,17.57,17.48,17.49,4437182,0.0,0.0,0.0
2023-12-08 00:00:00+08:00,17.63,17.72,17.58,17.58,7360211,0.0,0.0,0.0
2023-12-11 00:00:00+08:00,17.6,17.66,17.59,17.62,5048564,0.0,0.0,0.0
2023-12-12 00:00:00+08:00,17.71,17.77,17.62,17.65,7713046,0.0,0.0,0.0
2023-12-13 00:00:00+08:00,17.66,17.78,17.66,17.78,12454741,0.0,0.0,0.0
2023-12-14 00:00:00+08:00,17.95,18.04,17.94,18.01,33511992,0.0,0.0,0.0
2023-12-15 00:00:00+08:00,18.1,18.13,18.03,18.03,16475813,0.0,0.0,0.0
2023-12-18 00:00:00+08:00,18.03,18.05,17.89,18.03,10605766,0.0,0.0,0.0
2023-12-19 00:00:00+08:00,18.02,18.04,17.89,17.98,6721699,0.0,0.0,0.0
2023-12-20 00:00:00+08:00,18.02,18.09,18.0,18.05,27408366,0.0,0.0,0.0
2023-12-21 00:00:00+08:00,17.88,17.96,17.84,17.95,6715439,0.0,0.0,0.0
2023-12-22 00:00:00+08:00,18.03,18.06,17.98,18.04,15591449,0.0,0.0,0.0
2023-12-25 00:00:00+08:00,18.06,18.17,18.06,18.14,20418707,0.0,0.0,0.0
2023-12-26 00:00:00+08:00,18.15,18.27,18.15,18.26,15298673,0.0,0.0,0.0
2023-12-27 00:00:00+08:00,18.3,18.52,18.3,18.49,26560042,0.0,0.0,0.0
2023-12-28 00:00:00+08:00,18.54,18.59,18.45,18.46,9305984,0.0,0.0,0.0
2023-12-29 00:00:00+08:00,18.46,18.54,18.44,18.52,12314289,0.0,0.0,0.0
2024-01-02 00:00:00+08:00,18.56,18.59,18.26,18.29,9360870,0.0,0.0,0.0
2024-01-03 00:00:00+08:00,18.18,18.18,17.95,17.98,23201139,0.0,0.0,0.0
2024-01-04 00:00:00+08:00,17.98,18.06,17.95,17.97,11777674,0.0,0.0,0.0
2024-01-05 00:00:00+08:00,17.97,18.06,17.89,17.91,13609437,0.0,0.0,0.0
2024-01-08 00:00:00+08:00,18.0,18.07,17.93,17.95,13293604,0.0,0.0,0.0
2024-01-09 00:00:00+08:00,18.07,18.13,17.93,17.96,9329600,0.0,0.0,0.0
2024-01-10 00:00:00+08:00,17.97,17.97,17.84,17.9,10257205,0.0,0.0,0.0
2024-01-11 00:00:00+08:00,17.9,18.02,17.9,18.0,14512063,0.0,0.0,0.0
2024-01-12 00:00:00+08:00,17.96,18.08,17.89,18.01,10678808,0.0,0.0,0.0
2024-01-15 00:00:00+08:00,18.01,18.01,18.01,18.01,0,0.0,0.0,0.0
2024-01-16 00:00:00+08:00,18.01,18.03,17.91,17.94,32360140,0.0,0.0,0.0
2024-01-17 00:00:00+08:00,17.24,17.24,16.97,16.97,26327870,0.0,0.0,0.0
2024-01-18 00:00:00+08:00,17.0,17.09,16.96,17.01,10579001,0.0,0.0,0.0
2024-01-19 00:00:00+08:00,17.4,17.59,17.35,17.57,23357702,0.0,0.0,0.0
2024-01-22 00:00:00+08:00,17.74,17.9,17.73,17.82,15035124,0.0,0.0,0.0
2024-01-23 00:00:00+08:00,17.83,17.88,17.78,17.86,8766287,0.0,0.0,0.0
2024-01-24 00:00:00+08:00,17.86,17.92,17.84,17.85,7094803,0.0,0.0,0.0
2024-01-25 00:00:00+08:00,17.96,18.04,17.96,18.02,22138481,0.0,0.0,0.0
2024-01-26 00:00:00+08:00,18.0,18.01,17.89,17.94,7067177,0.0,0.0,0.0
2024-01-29 00:00:00+08:00,17.96,18.06,17.92,18.06,14384412,0.0,0.0,0.0
2024-01-30 00:00:00+08:00,18.05,18.17,18.05,18.15,15769093,0.0,0.0,0.0
2024-01-31 00:00:00+08:00,18.09,18.09,17.91,17.92,5067528,0.0,0.0,0.0
2024-02-01 00:00:00+08:00,17.9,17.93,17.77,17.86,7538309,0.0,0.0,0.0
2024-02-02 00:00:00+08:00,17.97,18.01,17.94,18.0,6356885,0.0,0.0,0.0
2024-02-05 00:00:00+08:00,18.0,18.11,17.98,18.11,15404185,0.0,0.0,0.0
2024-02-15 00:00:00+08:00,18.61,18.95,18.61,18.81,43233095,0.0,0.0,0.0
2024-02-16 00:00:00+08:00,18.87,18.88,18.7,18.7,12871515,0.0,0.0,0.0
2024-02-19 00:00:00+08:00,18.7,18.7,18.6,18.65,9225096,0.0,0.0,0.0
2024-02-20 00:00:00+08:00,18.65,18.85,18.63,18.83,14544000,0.0,0.0,0.0
2024-02-21 00:00:00+08:00,18.76,18.76,18.66,18.71,10108923,0.0,0.0,0.0
2024-02-22 00:00:00+08:00,18.85,18.97,18.82,18.97,21422729,0.0,0.0,0.0
2024-02-23 00:00:00+08:00,19.06,19.24,19.06,19.15,33196124,0.0,0.0,0.0
2024-02-26 00:00:00+08:00,19.15,19.28,19.03,19.26,17590732,0.0,0.0,0.0
2024-02-27 00:00:00+08:00,19.23,19.35,19.01,19.16,13777627,0.0,0.0,0.0
2024-02-29 00:00:00+08:00,19.09,19.21,19.04,19.17,13617364,0.0,0.0,0.0
2024-03-01 00:00:00+08:00,19.2,19.27,19.09,19.09,13048841,0.0,0.0,0.0
2024-03-04 00:00:00+08:00,19.34,19.64,19.32,19.59,27653979,0.0,0.0,0.0
2024-03-05 00:00:00+08:00,19.67,19.83,19.6,19.78,19214110,0.0,0.0,0.0
2024-03-06 00:00:00+08:00,19.58,19.99,19.57,19.99,19071782,0.0,0.0,0.0
2024-03-07 00:00:00+08:00,20.1,20.41,20.1,20.3,25571481,0.0,0.0,0.0
2024-03-08 00:00:00+08:00,20.6,20.78,20.24,20.42,36483358,0.0,0.0,0.0
2024-03-11 00:00:00+08:00,20.33,20.48,20.25,20.36,15675497,0.0,0.0,0.0
2024-03-12 00:00:00+08:00,20.3,20.7,20.29,20.7,15548165,0.0,0.0,0.0
2024-03-13 00:00:00+08:00,20.82,20.94,20.58,20.68,14649210,0.0,0.0,0.0
2024-03-14 00:00:00+08:00,20.68,20.68,20.34,20.43,14228524,0.0,0.0,0.0
2024-03-15 00:00:00+08:00,20.36,20.56,20.36,20.42,19757663,0.0,0.0,0.0
2024-03-18 00:00:00+08:00,20.46,20.79,20.46,20.79,18234168,0.0,0.0,0.0
2024-03-19 00:00:00+08:00,20.65,20.84,20.57,20.83,16463704,0.0,0.0,0.0
2024-03-20 00:00:00+08:00,20.83,21.01,20.65,20.68,16017590,0.0,0.0,0.0
2024-03-21 00:00:00+08:00,20.91,21.2,20.91,21.2,27019205,0.0,0.0,0.0
2024-03-22 00:00:00+08:00,21.22,21.35,21.11,21.34,18997126,0.0,0.0,0.0
2024-03-25 00:00:00+08:00,21.34,21.35,21.18,21.24,7796356,0.0,0.0,0.0
2024-03-26 00:00:00+08:00,21.28,21.44,20.85,21.06,14420432,0.0,0.0,0.0
2024-03-27 00:00:00+08:00,21.05,21.27,21.05,21.25,13261667,0.0,0.0,0.0
2024-03-28 00:00:00+08:00,21.25,21.45,21.03,21.45,18852928,0.0,0.0,0.0
2024-03-29 00:00:00+08:00,21.45,21.52,21.4,21.45,10939000,0.0,0.0,0.0
2024-04-01 00:00:00+08:00,21.5,21.65,21.33,21.33,13326553,0.0,0.0,0.0
2024-04-02 00:00:00+08:00,21.51,21.73,21.5,21.71,18124872,0.0,0.0,0.0
2024-04-03 00:00:00+08:00,21.6,21.67,21.46,21.66,8115556,0.0,0.0,0.0
2024-04-08 00:00:00+08:00,21.75,21.76,21.57,21.68,7192793,0.0,0.0,0.0
2024-04-09 00:00:00+08:00,21.78,21.99,21.77,21.98,11934539,0.0,0.0,0.0
2024-04-10 00:00:00+08:00,21.98,22.06,21.9,21.94,13618953,0.0,0.0,0.0
2024-04-11 00:00:00+08:00,21.88,21.9,21.69,21.79,7020518,0.0,0.0,0.0
2024-04-12 00:00:00+08:00,21.83,21.9,21.73,21.79,13219855,0.0,0.0,0.0
2024-04-15 00:00:00+08:00,21.57,21.58,21.24,21.29,15581809,0.0,0.0,0.0
2024-04-16 00:00:00+08:00,21.02,21.02,20.46,20.65,22175493,0.0,0.0,0.0
2024-04-17 00:00:00+08:00,20.68,20.91,20.66,20.86,12271501,0.0,0.0,0.0
2024-04-18 00:00:00+08:00,20.7,21.01,20.62,21.0,6705311,0.0,0.0,0.0
2024-04-19 00:00:00+08:00,20.54,20.54,19.77,20.01,30136914,0.0,0.0,0.0
2024-04-22 00:00:00+08:00,19.83,20.04,19.68,19.71,16668585,0.0,0.0,0.0
2024-04-23 00:00:00+08:00,19.95,20.05,19.83,19.95,7784074,0.0,0.0,0.0
2024-04-24 00:00:00+08:00,20.27,20.79,20.26,20.77,17432034,0.0,0.0,0.0
2024-04-25 00:00:00+08:00,20.43,20.58,20.34,20.37,9346271,0.0,0.0,0.0
2024-04-26 00:00:00+08:00,20.7,20.86,20.65,20.72,16584796,0.0,0.0,0.0
2024-04-29 00:00:00+08:00,20.89,21.18,20.89,21.04,14690389,0.0,0.0,0.0
2024-04-30 00:00:00+08:00,21.04,21.17,21.01,21.01,4636759,0.0,0.0,0.0
2024-05-02 00:00:00+08:00,20.8,20.86,20.67,20.82,8139454,0.0,0.0,0.0
2024-05-03 00:00:00+08:00,21.18,21.22,20.9,20.94,5621015,0.0,0.0,0.0
2024-05-06 00:00:00+08:00,21.3,21.42,21.24,21.36,12861048,0.0,0.0,0.0
2024-05-07 00:00:00+08:00,21.5,21.53,21.31,21.47,6745443,0.0,0.0,0.0
2024-05-08 00:00:00+08:00,21.47,21.67,21.43,21.65,12187099,0.0,0.0,0.0
2024-05-09 00:00:00+08:00,21.66,21.79,21.62,21.7,13219549,0.0,0.0,0.0
2024-05-10 00:00:00+08:00,21.72,21.8,21.5,21.66,5670555,0.0,0.0,0.0
2024-05-13 00:00:00+08:00,21.82,21.89,21.71,21.78,8747347,0.0,0.0,0.0
2024-05-14 00:00:00+08:00,21.78,22.02,21.74,22.01,9362797,0.0,0.0,0.0
2024-05-15 00:00:00+08:00,22.06,22.32,22.05,22.15,12390650,0.0,0.0,0.0
2024-05-16 00:00:00+08:00,22.5,22.63,22.28,22.31,17127162,0.0,0.0,0.0
2024-05-17 00:00:00+08:00,22.3,22.35,22.2,22.25,7728292,0.0,0.0,0.0
2024-05-20 00:00:00+08:00,22.25,22.33,22.04,22.2,7796846,0.0,0.0,0.0
2024-05-21 00:00:00+08:00,22.2,22.29,22.08,22.19,6853555,0.0,0.0,0.0
2024-05-22 00:00:00+08:00,22.22,22.61,22.22,22.6,13020582,0.0,0.0,0.0
2024-05-23 00:00:00+08:00,22.8,22.9,22.62,22.86,13797831,0.0,0.0,0.0
2024-05-24 00:00:00+08:00,22.75,22.86,22.63,22.84,5109030,0.0,0.0,0.0
2024-05-27 00:00:00+08:00,22.98,23.51,22.98,23.45,15244366,0.0,0.0,0.0
2024-05-28 00:00:00+08:00,23.5,23.56,23.4,23.54,6354765,0.0,0.0,0.0
2024-05-29 00:00:00+08:00,23.54,23.54,23.3,23.32,7078631,0.0,0.0,0.0
2024-05-30 00:00:00+08:00,23.0,23.04,22.84,22.87,13277663,0.0,0.0,0.0
2024-05-31 00:00:00+08:00,22.88,23.05,22.55,22.55,12619160,0.0,0.0,0.0
2024-06-03 00:00:00+08:00,22.8,23.06,22.7,22.99,8773597,0.0,0.0,0.0
2024-06-04 00:00:00+08:00,22.95,22.98,22.48,22.56,18488198,0.0,0.0,0.0
2024-06-05 00:00:00+08:00,22.61,22.79,22.42,22.72,11614396,0.0,0.0,0.0
2024-06-06 00:00:00+08:00,23.33,23.44,23.18,23.35,18153055,0.0,0.0,0.0
2024-06-07 00:00:00+08:00,23.3,23.3,23.1,23.16,8617419,0.0,0.0,0.0
2024-06-11 00:00:00+08:00,23.28,23.35,23.16,23.22,12025981,0.0,0.0,0.0
2024-06-12 00:00:00+08:00,23.25,23.7,23.25,23.7,14385596,0.0,0.0,0.0
2024-06-13 00:00:00+08:00,24.0,24.35,23.98,24.2,18932293,0.0,0.0,0.0
2024-06-14 00:00:00+08:00,24.2,24.43,24.1,24.43,10101169,0.0,0.0,0.0
2024-06-17 00:00:00+08:00,24.43,24.54,24.33,24.45,9298047,0.0,0.0,0.0
2024-06-18 00:00:00+08:00,24.7,24.81,24.63,24.79,9885662,0.0,0.0,0.0
2024-06-19 00:00:00+08:00,24.97,25.68,24.96,25.62,27084973,0.0,0.0,0.0
2024-06-20 00:00:00+08:00,25.64,26.03,25.6,26.03,22048779,0.0,0.0,0.0
2024-06-21 00:00:00+08:00,25.74,25.99,25.59,25.83,24082804,0.0,0.0,0.0
2024-06-24 00:00:00+08:00,25.63,25.68,25.16,25.21,29753782,0.0,0.0,0.0
2024-06-25 00:00:00+08:00,24.96,25.2,24.64,25.18,25626200,0.0,0.0,0.0
2024-06-26 00:00:00+08:00,25.38,25.54,25.26,25.36,31333163,0.0,0.0,0.0
2024-06-27 00:00:00+08:00,25.1,25.34,25.09,25.3,18183577,0.0,0.0,0.0
2024-06-28 00:00:00+08:00,25.36,25.65,25.32,25.56,9910114,0.0,0.0,0.0
2024-07-01 00:00:00+08:00,25.58,25.79,25.55,25.58,12012778,0.0,0.0,0.0
2024-07-02 00:00:00+08:00,25.55,25.58,25.21,25.34,14668221,0.0,0.0,0.0
2024-07-03 00:00:00+08:00,25.57,25.66,25.45,25.5,11601295,0.0,0.0,0.0
2024-07-04 00:00:00+08:00,25.92,26.16,25.92,26.1,24012686,0.0,0.0,0.0
2024-07-05 00:00:00+08:00,26.12,26.19,26.05,26.05,18624701,0.0,0.0,0.0
2024-07-08 00:00:00+08:00,26.1,26.97,26.08,26.9,41242708,0.0,0.0,0.0
2024-07-09 00:00:00+08:00,27.04,27.36,26.64,26.99,63468178,0.0,0.0,0.0
2024-07-10 00:00:00+08:00,26.86,27.04,26.64,27.03,34175410,0.0,0.0,0.0
2024-07-11 00:00:00+08:00,27.39,27.5,27.21,27.35,33778833,0.0,0.0,0.0
2024-07-12 00:00:00+08:00,26.81,26.9,26.45,26.5,64245495,0.0,0.0,0.0
2024-07-15 00:00:00+08:00,26.62,26.74,26.47,26.53,31543042,0.0,0.0,0.0
2024-07-16 00:00:00+08:00,26.6,26.9,26.48,26.6,40369672,0.0,0.0,0.0
2024-07-17 00:00:00+08:00,26.55,26.65,26.25,26.31,40134310,0.0,0.0,0.0
2024-07-18 00:00:00+08:00,25.44,25.79,25.41,25.59,51997526,0.0,0.0,0.0
2024-07-19 00:00:00+08:00,25.4,25.46,25.13,25.13,33703398,0.0,0.0,0.0
2024-07-22 00:00:00+08:00,25.0,25.05,24.1,24.29,53792594,0.0,0.0,0.0
2024-07-23 00:00:00+08:00,24.7,24.95,24.66,24.95,25253738,0.0,0.0,0.0
2024-07-24 00:00:00+08:00,24.95,24.95,24.95,24.95,0,0.0,0.0,0.0
2024-07-26 00:00:00+08:00,23.91,24.18,23.78,24.11,34890537,0.0,0.0,0.0
2024-07-29 00:00:00+08:00,24.46,24.54,24.11,24.13,16618848,0.0,0.0,0.0
2024-07-30 00:00:00+08:00,24.0,24.38,23.78,24.34,23115691,0.0,0.0,0.0
2024-07-31 00:00:00+08:00,24.11,24.44,24.0,24.31,21319577,0.0,0.0,0.0
2024-08-01 00:00:00+08:00,24.87,24.91,24.61,24.74,37886536,0.0,0.0,0.0
2024-08-02 00:00:00+08:00,23.92,23.99,23.37,23.4,67888358,0.0,0.0,0.0
2024-08-05 00:00:00+08:00,22.07,22.14,21.15,21.18,75091356,0.0,0.0,0.0
2024-08-06 00:00:00+08:00,21.85,22.55,21.23,22.16,68053123,0.0,0.0,0.0
2024-08-07 00:00:00+08:00,22.47,23.16,22.38,23.03,37519419,0.0,0.0,0.0
2024-08-08 00:00:00+08:00,22.59,22.78,22.33,22.54,29516400,0.0,0.0,0.0
